"Date","GameID","Drive","qtr","down","time","TimeUnder","TimeSecs","PlayTimeDiff","SideofField","yrdln","yrdline100","ydstogo","ydsnet","GoalToGo","FirstDown","posteam","DefensiveTeam","desc","PlayAttempted","Yards.Gained","sp","Touchdown","ExPointResult","TwoPointConv","DefTwoPoint","Safety","Onsidekick","PuntResult","PlayType","Passer","Passer_ID","PassAttempt","PassOutcome","PassLength","AirYards","YardsAfterCatch","QBHit","PassLocation","InterceptionThrown","Interceptor","Rusher","Rusher_ID","RushAttempt","RunLocation","RunGap","Receiver","Receiver_ID","Reception","ReturnResult","Returner","BlockingPlayer","Tackler1","Tackler2","FieldGoalResult","FieldGoalDistance","Fumble","RecFumbTeam","RecFumbPlayer","Sack","Challenge.Replay","ChalReplayResult","Accepted.Penalty","PenalizedTeam","PenaltyType","PenalizedPlayer","Penalty.Yards","PosTeamScore","DefTeamScore","ScoreDiff","AbsScoreDiff","HomeTeam","AwayTeam","Timeout_Indicator","Timeout_Team","posteam_timeouts_pre","HomeTimeouts_Remaining_Pre","AwayTimeouts_Remaining_Pre","HomeTimeouts_Remaining_Post","AwayTimeouts_Remaining_Post","No_Score_Prob","Opp_Field_Goal_Prob","Opp_Safety_Prob","Opp_Touchdown_Prob","Field_Goal_Prob","Safety_Prob","Touchdown_Prob","ExPoint_Prob","TwoPoint_Prob","ExpPts","EPA","airEPA","yacEPA","Home_WP_pre","Away_WP_pre","Home_WP_post","Away_WP_post","Win_Prob","WPA","airWPA","yacWPA","Season"
2015-09-10,"2015091000",19,4,NA,"00:02",1,2,0,"PIT",35,35,0,0,0,0,"NE","PIT","J.Scobee kicks onside 12 yards from PIT 35 to PIT 47. R.Gronkowski (didn't try to advance) to PIT 47 for no gain (A.Blake).",1,0,0,0,NA,NA,NA,0,1,NA,"Kickoff",NA,"None",0,NA,NA,0,0,0,NA,0,NA,NA,"None",0,NA,NA,NA,"None",0,NA,NA,NA,"A.Blake",NA,NA,NA,0,NA,NA,0,0,NA,0,NA,NA,NA,0,28,21,7,7,"NE","PIT",0,"None",2,2,0,2,0,0.755663407087573,0.0393585565152186,0.00274253638873099,0.0284999255545245,0.0913641554119865,0.00037604536644839,0.081995373675518,0,0,0.525751951492693,0,NA,NA,0.999343903200446,0.000656096799554029,1,0,0.999343903200446,0.000656096799554029,NA,NA,2015
2015-09-13,"2015091300",17,4,NA,"00:34",1,34,0,"CHI",35,35,0,0,0,0,"GB","CHI","R.Gould kicks onside 11 yards from CHI 35 to CHI 46. D.Adams (didn't try to advance) to CHI 46 for no gain (H.Jones-Quartey). CHI-S.McManis was injured during the play.",1,0,0,0,NA,NA,NA,0,1,NA,"Kickoff",NA,"None",0,NA,NA,0,0,0,NA,0,NA,NA,"None",0,NA,NA,NA,"None",0,NA,NA,NA,"H.Jones-Quartey",NA,NA,NA,0,NA,NA,0,0,NA,0,NA,NA,NA,0,31,23,8,8,"CHI","GB",0,"None",2,1,2,1,2,0.731193266363073,0.0433696228190724,0.00302344365911663,0.031442455632362,0.100470236637776,0.000414436849797206,0.0900865380388026,0,0,0.576592404682556,-0.576592404682556,NA,NA,0.00911037871779996,0.9908896212822,0.0100688252286062,0.989931174771394,0.9908896212822,-0.000958446510806232,NA,NA,2015
2015-09-13,"2015091306",29,4,NA,"01:23",2,83,5,"HOU",35,35,0,0,0,NA,"KC","HOU","R.Bullock kicks onside 15 yards from HOU 35 to 50. J.Maclin (didn't try to advance) to 50 for no gain.",1,0,0,0,NA,NA,NA,0,1,NA,"Kickoff",NA,"None",0,NA,NA,0,0,0,NA,0,NA,NA,"None",0,NA,NA,NA,"None",0,NA,NA,NA,NA,NA,NA,NA,0,NA,NA,0,0,NA,0,NA,NA,NA,0,27,20,7,7,"HOU","KC",0,"None",0,0,0,0,0,0.690855859234589,0.0499998589118275,0.00348815564411606,0.0363166188527253,0.115469039475516,0.000477915587030327,0.103392552294196,0,0,0.659918595667189,-0.659918595667189,NA,NA,0.0375761395247285,0.962423860475272,0.0463419967386551,0.953658003261345,0.962423860475272,-0.00876585721392664,NA,NA,2015
2015-09-13,"2015091301",21,5,NA,"15:00",15,0,0,"SEA",35,35,0,0,0,NA,"STL","SEA","S.Hauschka kicks onside 14 yards from SEA 35 to SEA 49. B.Marquez (didn't try to advance) to SEA 49 for no gain.",1,0,0,0,NA,NA,NA,0,1,NA,"Kickoff",NA,"None",0,NA,NA,0,0,0,NA,0,NA,NA,"None",0,NA,NA,NA,"None",0,NA,NA,NA,NA,NA,NA,NA,0,NA,NA,0,0,NA,0,NA,NA,NA,0,30,29,1,1,"STL","SEA",0,"None",2,2,2,2,2,0.0536041496670179,0.165384404965345,0.00602877414106919,0.250003998034191,0.208219434156716,0.00328993925917831,0.313469299776482,0,0,0.567284530006368,2.54008235243455,NA,NA,0.412377971656738,0.587622028343262,0.608964485436228,0.391035514563772,0.412377971656738,0.19658651377949,NA,NA,2015
2015-09-13,"2015091308",23,4,NA,"01:04",2,64,0,"DET",35,35,0,0,0,NA,"SD","DET","S.Martin kicks onside 12 yards from DET 35 to DET 47, out of bounds.",1,0,0,0,NA,NA,NA,0,1,NA,"Kickoff",NA,"None",0,NA,NA,0,0,0,NA,0,NA,NA,"None",0,NA,NA,NA,"None",0,NA,NA,NA,NA,NA,NA,NA,0,NA,NA,0,0,NA,0,NA,NA,NA,0,33,27,6,6,"SD","DET",0,"None",2,2,0,2,0,0.706893065259724,0.0473611464447382,0.00330315347291275,0.0343752904122128,0.109507632855891,0.000452649543837575,0.0981070620106832,0,0,0.626860852564603,-0.626860852564603,NA,NA,0.969719259186528,0.0302807408134717,0.962398147336465,0.0376018526635353,0.969719259186528,-0.00732111185006368,NA,NA,2015
2015-09-20,"2015092007",21,4,NA,"01:48",2,108,0,"DET",35,35,0,0,0,NA,"MIN","DET","(Onside Kick formation) S.Martin kicks onside 13 yards from DET 35 to DET 48. R.Ellison (didn't try to advance) to DET 48 for no gain.",1,0,0,0,NA,NA,NA,0,1,NA,"Kickoff",NA,"None",0,NA,NA,0,0,0,NA,0,NA,NA,"None",0,NA,NA,NA,"None",0,NA,NA,NA,NA,NA,NA,NA,0,NA,NA,0,0,NA,0,NA,NA,NA,0,26,16,10,10,"MIN","DET",0,"None",1,1,2,1,2,0.66903752959587,0.0535954185288307,0.00374035941190497,0.0389650670004026,0.123575709205116,0.000512349186576459,0.110573567071298,0,0,0.704744352074471,1.39414460925411,NA,NA,0.975583486962119,0.0244165130378812,0.983327117030627,0.016672882969373,0.975583486962119,0.0077436300685082,NA,NA,2015
2015-09-20,"2015092001",25,4,NA,"05:27",6,327,0,"BUF",35,35,0,-7,0,NA,"NE","BUF","(Onside Kick formation) J.Gay kicks onside 8 yards from BUF 35 to BUF 43, out of bounds. Penalty on BUF-C.Hogan, Offside on Free Kick, declined. Penalty on BUF, Illegal Block Above the Waist, declined.",1,0,0,0,NA,NA,NA,0,1,NA,"Kickoff",NA,"None",0,NA,NA,0,0,0,NA,0,NA,NA,"None",0,NA,NA,NA,"None",0,NA,NA,NA,NA,NA,NA,NA,0,NA,NA,0,0,NA,0,NA,NA,NA,0,37,25,12,12,"BUF","NE",0,"None",1,2,1,2,1,0.362623758364511,0.109162996799568,0.00394616251361875,0.16147478542387,0.142543502936007,0.00216514000934756,0.218083653953077,0,0,0.492841553105222,2.48106470693486,NA,NA,0.0596470396485501,0.94035296035145,0.0371190630866806,0.962880936913319,0.94035296035145,0.0225279765618696,NA,NA,2015
2015-09-20,"2015092012",24,4,NA,"01:21",2,81,0,"PHI",35,35,0,-2,0,NA,"DAL","PHI","(Onside Kick formation) C.Parkey kicks onside 9 yards from PHI 35 to PHI 44. S.Lee (didn't try to advance) to PHI 44 for no gain.",1,0,0,0,NA,NA,NA,0,1,NA,"Kickoff",NA,"None",0,NA,NA,0,0,0,NA,0,NA,NA,"None",0,NA,NA,NA,"None",0,NA,NA,NA,NA,NA,NA,NA,0,NA,NA,0,0,NA,0,NA,NA,NA,0,19,10,9,9,"PHI","DAL",0,"None",3,1,3,1,3,0.69256673841523,0.0497181883678006,0.00346840404785482,0.0361092970631674,0.114833175893523,0.00047521838517798,0.102828977827246,0,0,0.656396356600364,-0.656396356600364,NA,NA,0.0156595686175225,0.984340431382478,0.0123513539639134,0.987648646036087,0.984340431382478,0.00330821465360909,NA,NA,2015
2015-09-24,"2015092400",18,4,NA,"03:40",4,220,0,"WAS",35,35,0,0,0,NA,"NYG","WAS","D.Hopkins kicks onside 10 yards from WAS 35 to WAS 45. S.Vereen to WAS 41 for 4 yards (D.Carrier).",1,4,0,0,NA,NA,NA,0,1,NA,"Kickoff",NA,"None",0,NA,NA,0,0,0,NA,0,NA,NA,"None",0,NA,NA,NA,"None",0,NA,"S.Vereen",NA,"D.Carrier",NA,NA,NA,0,NA,NA,0,0,NA,0,NA,NA,NA,0,25,14,11,11,"NYG","WAS",0,"None",0,0,2,0,2,0.466726704248785,0.0909811861452614,0.00328376700936833,0.134035925822172,0.119614123449693,0.00180352674410697,0.183554766580613,0,0,0.429570216691857,2.39742474761095,NA,NA,0.952905241480471,0.0470947585195286,0.972723885467087,0.0272761145329127,0.952905241480471,0.0198186439866159,NA,NA,2015
2015-09-24,"2015092400",20,4,NA,"03:08",4,188,0,"WAS",35,35,0,0,0,NA,"NYG","WAS","D.Hopkins kicks onside 21 yards from WAS 35 to NYG 44, out of bounds.",1,0,0,0,NA,NA,NA,0,1,NA,"Kickoff",NA,"None",0,NA,NA,0,0,0,NA,0,NA,NA,"None",0,NA,NA,NA,"None",0,NA,NA,NA,NA,NA,NA,NA,0,NA,NA,0,0,NA,0,NA,NA,NA,0,32,21,11,11,"NYG","WAS",0,"None",0,0,0,0,0,0.498878047667134,0.0853966130925182,0.00308076370288796,0.125656229005575,0.112501008515019,0.00169254412460845,0.172794793892258,0,0,0.408506701317725,1.42133673826588,NA,NA,0.959903330296629,0.0400966697033711,0.971095853015406,0.0289041469845936,0.959903330296629,0.0111925227187775,NA,NA,2015
2015-09-27,"2015092709",26,4,NA,"00:47",1,47,0,"TEN",35,35,0,0,0,NA,"IND","TEN","(Onside Kick formation) R.Succop kicks 8 yards from TEN 35 to TEN 43, out of bounds.",1,0,0,0,NA,NA,NA,0,1,NA,"Kickoff",NA,"None",0,NA,NA,0,0,0,NA,0,NA,NA,"None",0,NA,NA,NA,"None",0,NA,NA,NA,NA,NA,NA,NA,0,NA,NA,0,0,NA,0,NA,NA,NA,0,34,33,1,1,"TEN","IND",0,"None",2,2,2,2,2,0.720820787336515,0.0450723921189691,0.00314274620754314,0.0326930326259664,0.104328483982937,0.000430737249071402,0.0935118204789978,0,0,0.59807577264618,-0.59807577264618,NA,NA,0.231538875253802,0.768461124746198,0.307603436933,0.692396563067,0.768461124746198,-0.0760645616791981,NA,NA,2015
2015-09-27,"2015092702",30,4,NA,"02:34",3,154,4,"NYJ",35,35,0,0,0,NA,"PHI","NYJ","N.Folk kicks onside 12 yards from NYJ 35 to NYJ 47. S.Ajirotutu (didn't try to advance) to NYJ 48 for -1 yards.",1,-1,0,0,NA,NA,NA,0,1,NA,"Kickoff",NA,"None",0,NA,NA,0,0,0,NA,0,NA,NA,"None",0,NA,NA,NA,"None",0,NA,NA,NA,NA,NA,NA,NA,0,NA,NA,0,0,NA,0,NA,NA,NA,0,23,17,6,6,"NYJ","PHI",0,"None",3,0,3,0,3,0.533042143967005,0.0794762632593604,0.00286575788547917,0.116794307673179,0.104928488500904,0.00157492789799175,0.161318110816081,0,0,0.385441637749975,1.83907422841786,NA,NA,0.133243043415135,0.866756956584865,0.0798079897875855,0.920192010212414,0.866756956584865,0.0534350536275496,NA,NA,2015
2015-09-27,"2015092712",21,4,NA,"07:56",8,476,0,"MIA",35,35,0,0,0,NA,"BUF","MIA","M.Darr kicks onside 10 yards from MIA 35 to MIA 45. P.Harvin (didn't try to advance) to MIA 44 for 1 yard (W.Aikens).",1,1,0,0,NA,NA,NA,0,1,NA,"Kickoff",NA,"None",0,NA,NA,0,0,0,NA,0,NA,NA,"None",0,NA,NA,NA,"None",0,NA,NA,NA,"W.Aikens",NA,NA,NA,0,NA,NA,0,0,NA,0,NA,NA,NA,0,33,14,19,19,"MIA","BUF",0,"None",2,3,2,3,2,0.237974862328381,0.131208376727071,0.00475342111904833,0.195182633017891,0.169712259921657,0.00260438789556638,0.258564058990386,0,0,0.554883564944263,2.60591222443656,NA,NA,0.0203036670354187,0.979696332964581,0.00868843486918813,0.991311565130812,0.979696332964581,0.0116152321662306,NA,NA,2015
2015-09-28,"2015092800",24,4,NA,"01:25",2,85,0,"KC",35,35,0,2,0,NA,"GB","KC","C.Santos kicks onside 13 yards from KC 35 to KC 48. M.Hyde (didn't try to advance) to KC 48 for no gain (J.O'Shaughnessy).",1,0,0,0,NA,NA,NA,0,1,NA,"Kickoff",NA,"None",0,NA,NA,0,0,0,NA,0,NA,NA,"None",0,NA,NA,NA,"None",0,NA,NA,NA,NA,NA,NA,NA,0,NA,NA,0,0,NA,0,NA,NA,NA,0,38,28,10,10,"GB","KC",0,"None",0,0,2,0,2,0.689139730785484,0.0502824338279944,0.00350797148531052,0.0365246287650087,0.116106827533961,0.000480621488831526,0.103957786113409,0,0,0.663450582563748,1.3494229015598,NA,NA,0.980955446247862,0.0190445537521382,0.986823579012838,0.0131764209871623,0.980955446247862,0.00586813276497589,NA,NA,2015
2015-10-04,"2015100406",26,4,NA,"00:58",1,58,0,"TB",35,35,0,0,0,NA,"CAR","TB","K.Brindza kicks onside 13 yards from TB 35 to TB 48. J.Norman (didn't try to advance) to TB 48 for no gain.",1,0,0,0,NA,NA,NA,0,1,NA,"Kickoff",NA,"None",0,NA,NA,0,0,0,NA,0,NA,NA,"None",0,NA,NA,NA,"None",0,NA,NA,NA,NA,NA,NA,NA,0,NA,NA,0,0,NA,0,NA,NA,NA,0,36,23,13,13,"TB","CAR",0,"None",2,2,2,2,2,0.71185505716194,0.046545430920426,0.00324597775460876,0.0337755595955445,0.107662673259908,0.000444839663458437,0.0964704616441149,0,0,0.616613765176138,-0.616613765176138,NA,NA,0.0052556340643255,0.994744365935675,0.0057622670285713,0.994237732971429,0.994744365935675,-0.000506632964245801,NA,NA,2015
2015-10-04,"2015100403",19,4,NA,"02:34",3,154,5,"KC",35,35,0,0,0,NA,"CIN","KC","C.Santos kicks onside 15 yards from KC 35 to 50. M.Sanu (didn't try to advance) to 50 for no gain (D.Sorensen).",1,0,0,0,NA,NA,NA,0,1,NA,"Kickoff",NA,"None",0,NA,NA,0,0,0,NA,0,NA,NA,"None",0,NA,NA,NA,"None",0,NA,NA,NA,"D.Sorensen",NA,NA,NA,0,NA,NA,0,0,NA,0,NA,NA,NA,0,36,21,15,15,"CIN","KC",0,"None",2,2,3,2,3,0.533042143967005,0.0794762632593604,0.00286575788547917,0.116794307673179,0.104928488500904,0.00157492789799175,0.161318110816081,0,0,0.385441637749975,1.71757719369611,NA,NA,0.987288259211679,0.0127117407883213,0.991781579419433,0.00821842058056699,0.987288259211679,0.00449332020775428,NA,NA,2015
2015-10-11,"2015101104",22,4,NA,"01:05",2,65,0,"JAC",35,35,0,0,0,NA,"TB","JAC","(Onside Kick formation) J.Myers kicks onside 11 yards from JAC 35 to JAC 46. V.Jackson (didn't try to advance), dead ball declared at JAC 46 for no gain.",1,0,0,0,NA,NA,NA,0,1,NA,"Kickoff",NA,"None",0,NA,NA,0,0,0,NA,0,NA,NA,"None",0,NA,NA,NA,"None",0,NA,NA,NA,NA,NA,NA,NA,0,NA,NA,0,0,NA,0,NA,NA,NA,0,30,31,-1,1,"TB","JAC",0,"None",2,2,0,2,0,0.706061217773027,0.0474979293214368,0.00331274163973716,0.0344758745308365,0.109816907202428,0.000453959172944907,0.0983813703595896,0,0,0.628577839510661,-0.628577839510661,NA,NA,0.532960126381517,0.467039873618483,0.44511345942542,0.55488654057458,0.532960126381517,-0.0878466669560962,NA,NA,2015
2015-10-11,"2015101110",23,4,NA,"01:40",2,100,5,"OAK",35,35,0,0,0,NA,"DEN","OAK","S.Janikowski kicks onside 14 yards from OAK 35 to OAK 49. D.Thomas (didn't try to advance) ran ob at OAK 49 for no gain.",1,0,0,0,NA,NA,NA,0,1,NA,"Kickoff",NA,"None",0,NA,NA,0,0,0,NA,0,NA,NA,"None",0,NA,NA,NA,"None",0,NA,NA,NA,NA,NA,NA,NA,0,NA,NA,0,0,NA,0,NA,NA,NA,0,15,10,5,5,"OAK","DEN",0,"None",2,1,2,1,2,0.676104691758599,0.0524300731077456,0.00365860381263179,0.0381062894417004,0.120950351154047,0.000501188315921115,0.108248802409355,0,0,0.690243593919065,1.3309280701022,NA,NA,0.0854300856431506,0.914569914356849,0.0541248843613861,0.945875115638614,0.914569914356849,0.0313052012817645,NA,NA,2015
2015-10-15,"2015101500",21,4,NA,"01:29",2,89,0,"ATL",35,35,0,0,0,NA,"NO","ATL","M.Bosher kicks onside 11 yards from ATL 35 to ATL 46. W.Snead (didn't try to advance) to ATL 46 for no gain (R.Allen).",1,0,0,0,NA,NA,NA,0,1,NA,"Kickoff",NA,"None",0,NA,NA,0,0,0,NA,0,NA,NA,"None",0,NA,NA,NA,"None",0,NA,NA,NA,"R.Allen",NA,NA,NA,0,NA,NA,0,0,NA,0,NA,NA,NA,0,30,21,9,9,"NO","ATL",0,"None",0,0,2,0,2,0.685691851770688,0.0508502774641695,0.0035477945773924,0.0369426995383777,0.117388129431794,0.000486059208751497,0.105093188008826,0,0,0.67054350445873,1.4526651273038,NA,NA,0.972889752074767,0.0271102479252331,0.982292730271154,0.0177072697288456,0.972889752074767,0.00940297819638747,NA,NA,2015
2015-10-18,"2015101801",26,4,NA,"03:59",4,239,5,"WAS",35,35,0,21,0,NA,"NYJ","WAS","D.Hopkins kicks onside 31 yards from WAS 35 to NYJ 34. K.Davis (didn't try to advance) to NYJ 34 for no gain (J.Johnson).",1,0,0,0,NA,NA,NA,0,1,NA,"Kickoff",NA,"None",0,NA,NA,0,0,0,NA,0,NA,NA,"None",0,NA,NA,NA,"None",0,NA,NA,NA,"J.Johnson",NA,NA,NA,0,NA,NA,0,0,NA,0,NA,NA,NA,0,34,19,15,15,"NYJ","WAS",0,"None",2,2,2,2,2,0.447749467440565,0.0942837549708,0.0034039105720076,0.139001329564656,0.123806181104846,0.0018691768711736,0.189886179475951,0,0,0.441691760379535,0.856799977337244,NA,NA,0.975902684962617,0.0240973150373831,0.980434546694614,0.0195654533053856,0.975902684962617,0.00453186173199749,NA,NA,2015
2015-10-18,"2015101807",20,4,NA,"04:32",5,272,0,"JAC",35,35,0,0,0,0,"HOU","JAC","J.Myers kicks onside 12 yards from JAC 35 to JAC 47. RECOVERED by JAC-D.McCray. PENALTY on JAC-A.Hurns, Offside on Free Kick, 5 yards, enforced at JAC 35 - No Play.",1,0,0,0,NA,NA,NA,0,1,NA,"Kickoff",NA,"None",0,NA,NA,0,0,0,NA,0,NA,NA,"None",0,NA,NA,NA,"None",0,NA,NA,NA,NA,NA,NA,NA,0,NA,NA,0,0,NA,1,"JAC","Offside on Free Kick","D.McCray",5,30,20,10,10,"JAC","HOU",0,"None",3,2,3,2,3,0.415177985855894,0.0999637721895223,0.00361071532709069,0.147559581021016,0.130989214671285,0.00198212044876141,0.200716610486431,0,0,0.461918343946541,-0.000595982294368747,NA,NA,0.0822287431744166,0.917771256825583,0.0785572054173777,0.921442794582622,0.917771256825583,0.00367153775703899,NA,NA,2015
2015-10-18,"2015101807",20,4,NA,"04:31",5,271,1,"JAC",30,30,0,0,0,NA,"HOU","JAC","J.Myers kicks onside 10 yards from JAC 30 to JAC 40, out of bounds. Penalty on JAC-J.Myers, Kickoff Out of Bounds, declined.",1,0,0,0,NA,NA,NA,0,1,NA,"Kickoff",NA,"None",0,NA,NA,0,0,0,NA,0,NA,NA,"None",0,NA,NA,NA,"None",0,NA,NA,NA,NA,NA,NA,NA,0,NA,NA,0,0,NA,0,NA,NA,NA,0,30,20,10,10,"JAC","HOU",0,"None",2,2,2,2,2,0.416155674106505,0.0997930519440133,0.00360449622008906,0.147301997713947,0.130773835119713,0.0019787251414507,0.200392219754282,0,0,0.461322361652172,2.56335891542544,NA,NA,0.0785572054173777,0.921442794582622,0.0463902018451686,0.953609798154831,0.921442794582622,0.032167003572209,NA,NA,2015
2015-10-18,"2015101811",7,2,NA,"11:30",12,2490,7,"IND",35,35,0,0,0,NA,"NE","IND","P.McAfee kicks onside 30 yards from IND 35 to NE 35, impetus ends at NE 40. J.Kline (didn't try to advance) to NE 35 for no gain. Indianapolis challenged the loose ball recovery ruling, and the play was Upheld. The ruling on the field stands. (Timeout #2.)",1,0,0,0,NA,NA,NA,0,1,NA,"Kickoff",NA,"None",0,NA,NA,0,0,0,NA,0,NA,NA,"None",0,NA,NA,NA,"None",0,NA,NA,NA,NA,NA,NA,NA,0,NA,NA,0,1,"Upheld",0,NA,NA,NA,0,10,13,-3,3,"IND","NE",1,"IND",2,2,2,1,2,0.116560464265528,0.153264738285542,0.0055698632066175,0.229848218922333,0.195558240928025,0.00304554794332489,0.296152926448629,0,0,0.585964830084934,1.28431794887205,NA,NA,0.601241995848734,0.398758004151266,0.546676979723909,0.453323020276091,0.398758004151266,0.0545650161248247,NA,NA,2015
2015-10-18,"2015101811",25,4,NA,"01:19",2,79,0,"IND",35,35,0,0,0,NA,"NE","IND","P.McAfee kicks onside 9 yards from IND 35 to IND 44. R.Gronkowski ran ob at IND 39 for 5 yards.",1,5,0,0,NA,NA,NA,0,1,NA,"Kickoff",NA,"None",0,NA,NA,0,0,0,NA,0,NA,NA,"None",0,NA,NA,NA,"None",0,NA,NA,NA,NA,NA,NA,NA,0,NA,NA,0,0,NA,0,NA,NA,NA,0,34,26,8,8,"IND","NE",0,"None",1,0,1,0,1,0.694272337565184,0.0494374269148125,0.00344871702013377,0.0359026666705422,0.114199248455073,0.000472529928110168,0.102267073446144,0,0,0.652883937865948,-0.652883937865948,NA,NA,0.0227183607913078,0.977281639208692,0.0265778758245654,0.973422124175435,0.977281639208692,-0.00385951503325754,NA,NA,2015
2015-10-25,"2015102505",14,3,NA,"11:10",12,1570,0,"WAS",35,35,0,46,0,NA,"TB","WAS","D.Hopkins kicks onside 14 yards from WAS 35 to WAS 49. RECOVERED by WAS-T.Robinson.",1,0,0,0,NA,NA,NA,0,1,NA,"Kickoff",NA,"None",0,NA,NA,0,0,0,NA,0,NA,NA,"None",0,NA,NA,NA,"None",0,NA,NA,NA,NA,NA,NA,NA,0,NA,NA,0,0,NA,0,NA,NA,NA,0,23,14,9,9,"WAS","TB",0,"None",2,3,2,3,2,0.00379668409848014,0.178020274243573,0.00655321181717644,0.276019768279987,0.21476749109979,0.0035535524978518,0.317289017963142,0,0,0.393127079712083,2.51658302620152,NA,NA,0.191529010274586,0.808470989725414,0.72214939768262,0.27785060231738,0.808470989725414,-0.530620387408033,NA,NA,2015
2015-10-25,"2015102507",33,4,NA,"03:05",4,185,0,"IND",35,35,0,0,0,NA,"NO","IND","P.McAfee kicks onside 18 yards from IND 35 to NO 47, impetus ends at IND 47. M.Murphy (didn't try to advance) to NO 47 for no gain.",1,0,0,0,NA,NA,NA,0,1,NA,"Kickoff",NA,"None",0,NA,NA,0,0,0,NA,0,NA,NA,"None",0,NA,NA,NA,"None",0,NA,NA,NA,NA,NA,NA,NA,0,NA,NA,0,0,NA,0,NA,NA,NA,0,27,21,6,6,"IND","NO",0,"None",2,1,2,1,2,0.501896804390871,0.0848729271694154,0.00306173706664008,0.124871468958516,0.111832468034581,0.00168213875857451,0.171782455621402,0,0,0.406496332619562,1.5953049632255,NA,NA,0.146519673937128,0.853480326062872,0.0967885034050198,0.90321149659498,0.853480326062872,0.0497311705321086,NA,NA,2015
2015-10-25,"2015102502",28,4,NA,"04:00",4,240,0,"HOU",35,35,0,0,0,NA,"MIA","HOU","(Onside Kick formation) N.Novak kicks onside 10 yards from HOU 35 to HOU 45. M.Thomas (didn't try to advance) to HOU 45 for no gain (N.Novak). MIA-D.Williams was injured during the play. His return is Probable.",1,0,0,0,NA,NA,NA,0,1,NA,"Kickoff",NA,"None",0,NA,NA,0,0,0,NA,0,NA,NA,"None",0,NA,NA,NA,"None",0,NA,NA,NA,"N.Novak",NA,NA,NA,0,NA,NA,0,0,NA,0,NA,NA,NA,0,43,26,17,17,"MIA","HOU",0,"None",3,3,1,3,1,0.44675437350888,0.0944570633681652,0.0034102173083673,0.139262109193329,0.124025858924695,0.00187262236584652,0.190217755330717,0,0,0.442320719746262,2.20438837784262,NA,NA,0.983844707162634,0.0161552928373658,0.991320321588192,0.00867967841180783,0.983844707162634,0.007475614425558,NA,NA,2015
2015-10-25,"2015102503",21,4,NA,"00:18",1,18,5,"NYJ",35,35,0,0,0,NA,"NE","NYJ","(Onside Kick formation) N.Folk kicks onside 16 yards from NYJ 35 to NE 49. RECOVERED by NYJ-B.Marshall.",1,0,0,0,NA,NA,NA,0,1,NA,"Kickoff",NA,"None",0,NA,NA,0,0,0,NA,0,NA,NA,"None",0,NA,NA,NA,"None",0,NA,NA,NA,NA,NA,NA,NA,0,NA,NA,0,0,NA,0,NA,NA,NA,0,30,23,7,7,"NE","NYJ",0,"None",3,3,0,3,0,0.743619627866128,0.0413316706879536,0.00288069776816917,0.0299468155702676,0.0958467058680423,0.000394929758473474,0.0859795524809663,0,0,0.550802727895765,1.1536521939651,NA,NA,0.987838152029051,0.0121618479709493,0.0370729989956019,0.962927001004398,0.987838152029051,-0.950765153033449,NA,NA,2015
2015-10-25,"2015102509",20,4,NA,"12:58",13,778,0,"SD",35,35,0,0,0,NA,"OAK","SD","J.Lambo kicks onside 12 yards from SD 35 to SD 47. L.Asante (didn't try to advance) to SD 47 for no gain (D.Stuckey).",1,0,0,0,NA,NA,NA,0,1,NA,"Kickoff",NA,"None",0,NA,NA,0,0,0,NA,0,NA,NA,"None",0,NA,NA,NA,"None",0,NA,NA,NA,"D.Stuckey",NA,NA,NA,0,NA,NA,0,0,NA,0,NA,NA,NA,0,37,13,24,24,"SD","OAK",0,"None",3,3,3,3,3,0.0847297182440343,0.159273727453853,0.00579568363679192,0.239657056731135,0.202089867157456,0.00316638955527666,0.305287557221453,0,0,0.582603334380007,2.62295673657113,NA,NA,0.00538897586579623,0.994611024134204,0.00141600488155658,0.998583995118443,0.994611024134204,0.00397297098423965,NA,NA,2015
2015-10-25,"2015102509",22,4,NA,"06:00",6,360,0,"SD",35,35,0,0,0,NA,"OAK","SD","J.Lambo kicks onside 12 yards from SD 35 to SD 47. M.Rivera (didn't try to advance) ran ob at SD 48 for -1 yards.",1,-1,0,0,NA,NA,NA,0,1,NA,"Kickoff",NA,"None",0,NA,NA,0,0,0,NA,0,NA,NA,"None",0,NA,NA,NA,"None",0,NA,NA,NA,NA,NA,NA,NA,0,NA,NA,0,0,NA,0,NA,NA,NA,0,37,21,16,16,"SD","OAK",0,"None",3,2,3,2,3,0.332514343124957,0.114455351701468,0.00413947213512844,0.169514972752313,0.149140476696689,0.002270494832681,0.227964888756763,0,0,0.509466832411921,2.21959536261113,NA,NA,0.033032982519265,0.966967017480735,0.0194898631651969,0.980510136834803,0.966967017480735,0.0135431193540682,NA,NA,2015
2015-10-25,"2015102509",24,4,NA,"00:06",1,6,0,"SD",35,35,0,0,0,NA,"OAK","SD","J.Lambo kicks onside 11 yards from SD 35 to SD 46. M.Rivera (didn't try to advance) to SD 46 for no gain (J.Phillips).",1,0,0,0,NA,NA,NA,0,1,NA,"Kickoff",NA,"None",0,NA,NA,0,0,0,NA,0,NA,NA,"None",0,NA,NA,NA,"None",0,NA,NA,NA,"J.Phillips",NA,NA,NA,0,NA,NA,0,0,NA,0,NA,NA,NA,0,37,29,8,8,"SD","OAK",0,"None",1,-1,1,-1,1,0.752688705030681,0.0398457041077083,0.00277664345921194,0.0288570445546593,0.0924714301790517,0.000380707594217128,0.0829797650744701,0,0,0.531944350122716,-0.531944350122716,NA,NA,0.0419518251034189,0.958048174896581,0.029770131278771,0.970229868721229,0.958048174896581,0.0121816938246478,NA,NA,2015
2015-11-01,"2015110100",21,4,NA,"07:21",8,441,0,"DET",35,35,0,41,0,NA,"KC","DET","(Onside Kick formation) S.Martin kicks onside 6 yards from DET 35 to DET 41. T.Branch (didn't try to advance) to DET 41 for no gain (T.Whitehead).",1,0,0,0,NA,NA,NA,0,1,NA,"Kickoff",NA,"None",0,NA,NA,0,0,0,NA,0,NA,NA,"None",0,NA,NA,NA,"None",0,NA,NA,NA,"T.Whitehead",NA,NA,NA,0,NA,NA,0,0,NA,0,NA,NA,NA,0,38,10,28,28,"KC","DET",0,"None",3,3,2,3,2,0.264460679788557,0.126490349965341,0.00458015413388778,0.187914987723869,0.163974724332133,0.00251028565575274,0.25006881840046,0,0,0.543390200880248,2.74141568065038,NA,NA,0.999659349906097,0.000340650093902828,0.999943051786164,5.69482138362831e-05,0.999659349906097,0.000283701880066545,NA,NA,2015
2015-11-08,"2015110802",2,1,NA,"09:01",10,3241,0,"NE",35,35,0,0,0,NA,"WAS","NE","S.Gostkowski kicks onside 10 yards from NE 35 to NE 45. RECOVERED by NE-J.Freeny.",1,0,0,0,NA,NA,NA,0,1,NA,"Kickoff",NA,"None",0,NA,NA,0,0,0,NA,0,NA,NA,"None",0,NA,NA,NA,"None",0,NA,NA,NA,NA,NA,NA,NA,0,NA,NA,0,0,NA,0,NA,NA,NA,0,0,7,-7,7,"NE","WAS",0,"None",3,3,3,3,3,0.00636785439249849,0.176816799602489,0.00649665684508278,0.27281786665625,0.215074966264538,0.00352718306108051,0.318898673178061,0,0,0.431401198070816,2.21738806304454,NA,NA,0.719455035788406,0.280544964211594,0.203428083461906,0.796571916538094,0.280544964211594,0.5160269523265,NA,NA,2015
2015-11-08,"2015110802",20,4,NA,"00:25",1,25,0,"WAS",35,35,0,0,0,NA,"NE","WAS","(Onside Kick formation) D.Hopkins kicks 63 yards from WAS 35 to NE 2. D.McCourty (didn't try to advance) to NE 2 for no gain (H.Bates).",1,0,0,0,NA,NA,NA,0,1,NA,"Kickoff",NA,"None",0,NA,NA,0,0,0,NA,0,NA,NA,"None",0,NA,NA,NA,"None",0,NA,NA,NA,"H.Bates",NA,NA,NA,0,NA,NA,0,0,NA,0,NA,NA,NA,0,27,10,17,17,"NE","WAS",0,"None",1,1,2,1,2,0.738229729813184,0.0422153588993628,0.0029425891374106,0.0305951995506813,0.0978523239531649,0.000403388075608772,0.0877614105705876,0,0,0.561995970177147,-0.561995970177147,NA,NA,0.982159233937481,0.0178407660625186,0.975477077683841,0.0245229223161588,0.982159233937481,-0.00668215625364021,NA,NA,2015
2015-11-08,"2015110804",18,4,NA,"03:53",4,233,3,"MIA",35,35,0,0,0,NA,"BUF","MIA","A.Franks kicks onside 11 yards from MIA 35 to MIA 46. R.Woods (didn't try to advance) to MIA 46 for no gain.",1,0,0,0,NA,NA,NA,0,1,NA,"Kickoff",NA,"None",0,NA,NA,0,0,0,NA,0,NA,NA,"None",0,NA,NA,NA,"None",0,NA,NA,NA,NA,NA,NA,NA,0,NA,NA,0,0,NA,0,NA,NA,NA,0,33,17,16,16,"BUF","MIA",0,"None",2,2,1,2,1,0.453728534344135,0.0932427084565693,0.00336603082762627,0.137435299257492,0.122485944760401,0.0018484809354797,0.187893001418297,0,0,0.437898524252841,2.13220002918536,NA,NA,0.981164864700773,0.0188351352992268,0.98906988450264,0.0109301154973603,0.981164864700773,0.00790501980186642,NA,NA,2015
2015-11-08,"2015110805",26,4,NA,"02:16",3,136,0,"JAC",35,35,0,0,0,NA,"NYJ","JAC","J.Myers kicks onside 15 yards from JAC 35 to 50. B.Marshall (didn't try to advance) to 50 for no gain.",1,0,0,0,NA,NA,NA,0,1,NA,"Kickoff",NA,"None",0,NA,NA,0,0,0,NA,0,NA,NA,"None",0,NA,NA,NA,"None",0,NA,NA,NA,NA,NA,NA,NA,0,NA,NA,0,0,NA,0,NA,NA,NA,0,28,23,5,5,"NYJ","JAC",0,"None",3,3,1,3,1,0.551024208245521,0.0763655629649887,0.00275286825362109,0.112146514431136,0.100937209038923,0.00151314482571111,0.155260492240099,0,0,0.373033336028721,1.68024169817605,NA,NA,0.844065885340592,0.155934114659408,0.90366237597124,0.0963376240287599,0.844065885340592,0.059596490630648,NA,NA,2015
2015-11-15,"2015111501",26,4,NA,"00:32",1,32,0,"GB",35,35,0,15,0,NA,"DET","GB","M.Crosby kicks onside 16 yards from GB 35 to DET 49. RECOVERED by GB-D.Randall.",1,0,0,0,NA,NA,NA,0,1,NA,"Kickoff",NA,"None",0,NA,NA,0,0,0,NA,0,NA,NA,"None",0,NA,NA,NA,"None",0,NA,NA,NA,NA,NA,NA,NA,0,NA,NA,0,0,NA,0,NA,NA,NA,0,18,16,2,2,"GB","DET",0,"None",0,0,-1,0,-1,0.732767221028532,0.0431113703205415,0.00300535220146453,0.0312528587039045,0.0998846871609139,0.00041196476111074,0.0895665458235325,0,0,0.573328985477806,1.1942894626784,NA,NA,0.0913892811297753,0.908610718870225,0.524861223863256,0.475138776136744,0.908610718870225,-0.43347194273348,NA,NA,2015
2015-11-15,"2015111510",15,3,NA,"15:00",15,1800,4,"DEN",35,35,0,0,0,NA,"KC","DEN","B.McManus kicks onside 14 yards from DEN 35 to DEN 49. D.Sorensen (didn't try to advance) to DEN 49 for no gain (C.Nelson).",1,0,0,0,NA,NA,NA,0,1,NA,"Kickoff",NA,"None",0,NA,NA,0,0,0,NA,0,NA,NA,"None",0,NA,NA,NA,"None",0,NA,NA,NA,"C.Nelson",NA,NA,NA,0,NA,NA,0,0,NA,0,NA,NA,NA,0,19,0,19,19,"DEN","KC",0,"None",3,3,3,3,3,0.00150632650258975,0.179748786264307,0.00663910837844864,0.281137706070735,0.213700143484249,0.00359231277883968,0.31367561652083,0,0,0.323525853611276,2.67500017476158,NA,NA,0.0458694396031739,0.954130560396826,0.021754763669053,0.978245236330947,0.954130560396826,0.0241146759341209,NA,NA,2015
2015-11-15,"2015111510",25,4,NA,"05:27",6,327,0,"DEN",35,35,0,0,0,NA,"KC","DEN","(Onside Kick formation) B.McManus kicks onside 11 yards from DEN 35 to DEN 46. A.Sherman to DEN 37 for 9 yards (A.Caldwell).",1,9,0,0,NA,NA,NA,0,1,NA,"Kickoff",NA,"None",0,NA,NA,0,0,0,NA,0,NA,NA,"None",0,NA,NA,NA,"None",0,NA,"A.Sherman",NA,"A.Caldwell",NA,NA,NA,0,NA,NA,0,0,NA,0,NA,NA,NA,0,29,6,23,23,"DEN","KC",0,"None",3,2,3,2,3,0.362623758364511,0.109162996799568,0.00394616251361875,0.16147478542387,0.142543502936007,0.00216514000934756,0.218083653953077,0,0,0.492841553105222,2.81318561372097,NA,NA,0.00327784666959841,0.996722153330402,0.000794974322992359,0.999205025677008,0.996722153330402,0.00248287234660605,NA,NA,2015
2015-11-15,"2015111510",27,4,NA,"01:45",2,105,0,"DEN",35,35,0,0,0,NA,"KC","DEN","(Onside Kick formation) B.McManus kicks onside 9 yards from DEN 35 to DEN 44. D.Sorensen (didn't try to advance) to DEN 44 for no gain (L.Doss).",1,0,0,0,NA,NA,NA,0,1,NA,"Kickoff",NA,"None",0,NA,NA,0,0,0,NA,0,NA,NA,"None",0,NA,NA,NA,"None",0,NA,NA,NA,"L.Doss",NA,NA,NA,0,NA,NA,0,0,NA,0,NA,NA,NA,0,29,13,16,16,"DEN","KC",0,"None",2,2,2,2,2,0.67169688095899,0.0531568228860191,0.0037095877921922,0.0386418082149989,0.122587847735455,0.000508148542215477,0.109698903870129,0,0,0.699289865634268,1.58025129821743,NA,NA,0.00498761032229356,0.995012389677706,0.0033528723569517,0.996647127643048,0.995012389677706,0.00163473796534186,NA,NA,2015
2015-11-15,"2015111511",26,4,NA,"00:58",1,58,5,"SEA",35,35,0,0,0,NA,"ARI","SEA","(Onside Kick formation) S.Hauschka kicks onside 12 yards from SEA 35 to SEA 47. L.Fitzgerald (didn't try to advance) to SEA 47 for no gain (C.Matthews).",1,0,0,0,NA,NA,NA,0,1,NA,"Kickoff",NA,"None",0,NA,NA,0,0,0,NA,0,NA,NA,"None",0,NA,NA,NA,"None",0,NA,NA,NA,"C.Matthews",NA,NA,NA,0,NA,NA,0,0,NA,0,NA,NA,NA,0,39,26,13,13,"SEA","ARI",0,"None",2,1,2,1,2,0.71185505716194,0.046545430920426,0.00324597775460876,0.0337755595955445,0.107662673259908,0.000444839663458437,0.0964704616441149,0,0,0.616613765176138,-0.616613765176138,NA,NA,0.00472092260355939,0.995279077396441,0.005176278638367,0.994823721361633,0.995279077396441,-0.000455356034807619,NA,NA,2015
2015-11-22,"2015112204",22,4,NA,"05:10",6,310,4,"PHI",35,35,0,-5,0,NA,"TB","PHI","C.Sturgis kicks onside 10 yards from PHI 35 to PHI 45. J.Lane (didn't try to advance) to PHI 45 for no gain (B.Braman).",1,0,0,0,NA,NA,NA,0,1,NA,"Kickoff",NA,"None",0,NA,NA,0,0,0,NA,0,NA,NA,"None",0,NA,NA,NA,"None",0,NA,NA,NA,"B.Braman",NA,NA,NA,0,NA,NA,0,0,NA,0,NA,NA,NA,0,38,17,21,21,"PHI","TB",0,"None",2,3,2,3,2,0.378584065141437,0.106364412380763,0.00384404107174187,0.157233847689955,0.139039573422798,0.00210944799268126,0.212824612300624,0,0,0.48369164924267,2.33177793571317,NA,NA,0.00643995897392569,0.993560041026074,0.00246129995793964,0.99753870004206,0.993560041026074,0.00397865901598604,NA,NA,2015
2015-11-22,"2015112200",23,4,NA,"00:24",1,24,0,"CHI",35,35,0,0,0,NA,"DEN","CHI","R.Gould kicks onside 10 yards from CHI 35 to CHI 45. D.Thomas (didn't try to advance) to CHI 45 for no gain (L.Reynolds).",1,0,0,0,NA,NA,NA,0,1,NA,"Kickoff",NA,"None",0,NA,NA,0,0,0,NA,0,NA,NA,"None",0,NA,NA,NA,"None",0,NA,NA,NA,"L.Reynolds",NA,NA,NA,0,NA,NA,0,0,NA,0,NA,NA,NA,0,17,15,2,2,"CHI","DEN",0,"None",2,1,2,1,2,0.739004176639221,0.0420883609785795,0.00293369399244178,0.0305020039270334,0.0975641635133797,0.000402172476196895,0.0875054284731479,0,0,0.560388336394712,-0.560388336394712,NA,NA,0.0569862860357582,0.943013713964242,0.0810488897492163,0.918951110250784,0.943013713964242,-0.0240626037134581,NA,NA,2015
2015-11-26,"2015112601",17,4,NA,"04:23",5,263,0,"DAL",35,35,0,6,0,NA,"CAR","DAL","D.Bailey kicks onside 9 yards from DAL 35 to DAL 44. T.Davis to DAL 41 for 3 yards (D.McCray). PENALTY on DAL-T.Patmon, Offside on Free Kick, 5 yards, enforced at DAL 41.",1,3,0,0,NA,NA,NA,0,1,NA,"Kickoff",NA,"None",0,NA,NA,0,0,0,NA,0,NA,NA,"None",0,NA,NA,NA,"None",0,NA,"T.Davis",NA,"D.McCray",NA,NA,NA,0,NA,NA,0,0,NA,1,"DAL","Offside on Free Kick","T.Patmon",5,31,14,17,17,"DAL","CAR",0,"None",0,3,0,3,0,0.424000307680182,0.0984237670514583,0.00355462264429347,0.145236827279156,0.129045172944609,0.00195149409045767,0.197787808309844,0,0,0.456514827786596,2.76768487510864,NA,NA,0.0155878367146854,0.984412163285315,0.0070619074281888,0.992938092571811,0.984412163285315,0.00852592928649665,NA,NA,2015
2015-11-29,"2015112901",18,4,NA,"01:28",2,88,0,"ATL",35,35,0,0,0,NA,"MIN","ATL","M.Bosher kicks onside 8 yards from ATL 35 to ATL 43. A.Thielen (didn't try to advance) to ATL 43 for no gain (N.Williams).",1,0,0,0,NA,NA,NA,0,1,NA,"Kickoff",NA,"None",0,NA,NA,0,0,0,NA,0,NA,NA,"None",0,NA,NA,NA,"None",0,NA,NA,NA,"N.Williams",NA,NA,NA,0,NA,NA,0,0,NA,0,NA,NA,NA,0,20,10,10,10,"ATL","MIN",0,"None",1,0,1,0,1,0.686555764325283,0.050707981362328,0.00353781498336151,0.0368379265424614,0.117067092010791,0.000484696553798856,0.104808724221977,0,0,0.66876667884287,-0.66876667884287,NA,NA,0.0146292544451403,0.98537074555486,0.0173917344513148,0.982608265548685,0.98537074555486,-0.00276248000617452,NA,NA,2015
2015-11-29,"2015112906",24,4,NA,"01:21",2,81,0,"JAC",35,35,0,0,0,NA,"SD","JAC","(Onside Kick formation) J.Myers kicks onside 9 yards from JAC 35 to JAC 44, out of bounds.",1,0,0,0,NA,NA,NA,0,1,NA,"Kickoff",NA,"None",0,NA,NA,0,0,0,NA,0,NA,NA,"None",0,NA,NA,NA,"None",0,NA,NA,NA,NA,NA,NA,NA,0,NA,NA,0,0,NA,0,NA,NA,NA,0,31,25,6,6,"JAC","SD",0,"None",1,0,1,0,1,0.69256673841523,0.0497181883678006,0.00346840404785482,0.0361092970631674,0.114833175893523,0.00047521838517798,0.102828977827246,0,0,0.656396356600364,-0.656396356600364,NA,NA,0.0465687877052998,0.9534312122947,0.058013497662878,0.941986502337122,0.9534312122947,-0.0114447099575782,NA,NA,2015
2015-11-29,"2015112905",24,4,NA,"04:51",5,291,0,"MIA",35,35,0,-10,0,NA,"NYJ","MIA","M.Darr kicks onside 10 yards from MIA 35 to MIA 45. RECOVERED by MIA-J.Landry.",1,0,0,0,NA,NA,NA,0,1,NA,"Kickoff",NA,"None",0,NA,NA,0,0,0,NA,0,NA,NA,"None",0,NA,NA,NA,"None",0,NA,NA,NA,NA,NA,NA,NA,0,NA,NA,0,0,NA,0,NA,NA,NA,0,35,14,21,21,"NYJ","MIA",0,"None",2,2,3,2,3,0.396736715569206,0.103186661208783,0.00372816138653886,0.152426612303062,0.135048900336766,0.00204622554436668,0.206826723651277,0,0,0.473023625137114,1.66304991038228,NA,NA,0.9940977144672,0.00590228553279959,0.0125111145061315,0.987488885493868,0.9940977144672,-0.981586599961069,NA,NA,2015
2015-12-06,"2015120612",23,4,NA,"05:27",6,327,0,"NE",35,35,0,0,0,NA,"PHI","NE","(Onside Kick formation) S.Gostkowski kicks onside 9 yards from NE 35 to NE 44. Z.Ertz MUFFS catch, RECOVERED by NE-R.Melvin at NE 44. R.Melvin to NE 44 for no gain (C.Barwin).",1,0,0,0,NA,NA,NA,0,1,NA,"Kickoff",NA,"None",0,NA,NA,0,0,0,NA,0,NA,NA,"None",0,NA,NA,NA,"None",0,NA,"R.Melvin",NA,"C.Barwin",NA,NA,NA,0,NA,NA,0,0,NA,0,NA,NA,NA,0,32,21,11,11,"NE","PHI",0,"None",3,2,3,2,3,0.362623758364511,0.109162996799568,0.00394616251361875,0.16147478542387,0.142543502936007,0.00216514000934756,0.218083653953077,0,0,0.492841553105222,1.64589054990042,NA,NA,0.0786867941410732,0.921313205858927,0.877389461445546,0.122610538554454,0.921313205858927,-0.798702667304473,NA,NA,2015
2015-12-06,"2015120612",24,4,NA,"03:00",3,180,0,"NE",35,35,0,0,0,NA,"PHI","NE","(Onside Kick formation) N.Ebner kicks onside 11 yards from NE 35 to NE 46. R.Cooper MUFFS catch, ball out of bounds at NE 46.",1,0,0,0,NA,NA,NA,0,1,NA,"Kickoff",NA,"None",0,NA,NA,0,0,0,NA,0,NA,NA,"None",0,NA,NA,NA,"None",0,NA,NA,NA,NA,NA,NA,NA,0,NA,NA,0,0,NA,0,NA,NA,NA,0,32,28,4,4,"NE","PHI",0,"None",3,2,3,2,3,0.506927635372601,0.0840004373575839,0.00303004124367119,0.123564398929631,0.110718078965202,0.00166480353938266,0.170094604591928,0,0,0.403133889050351,2.02157026704094,NA,NA,0.235882161931326,0.764117838068674,0.14638504347835,0.85361495652165,0.764117838068674,0.0894971184529769,NA,NA,2015
2015-12-13,"2015121310",23,4,NA,"01:42",2,102,0,"SF",35,35,0,-2,0,NA,"CLE","SF","P.Dawson kicks onside 9 yards from SF 35 to SF 44. J.Dray (didn't try to advance) to SF 44 for no gain (B.Miller).",1,0,0,0,NA,NA,NA,0,1,NA,"Kickoff",NA,"None",0,NA,NA,0,0,0,NA,0,NA,NA,"None",0,NA,NA,NA,"None",0,NA,NA,NA,"B.Miller",NA,NA,NA,0,NA,NA,0,0,NA,0,NA,NA,NA,0,24,10,14,14,"CLE","SF",0,"None",2,2,0,2,0,0.674345261005339,0.0527201323266637,0.00367895180392665,0.038320007090517,0.121603998570536,0.000503966238869702,0.108827682964148,0,0,0.693855358716917,-0.693855358716917,NA,NA,0.993889597346758,0.00611040265324236,0.992841690620419,0.00715830937958095,0.993889597346758,-0.00104790672633859,NA,NA,2015
2015-12-13,"2015121309",21,4,NA,"02:05",3,125,0,"DET",35,35,0,0,0,NA,"STL","DET","S.Martin kicks onside 11 yards from DET 35 to DET 46. B.Marquez MUFFS catch, RECOVERED by DET-M.Burton at DET 47.",1,0,0,0,NA,NA,NA,0,1,NA,"Kickoff",NA,"None",0,NA,NA,0,0,0,NA,0,NA,NA,"None",0,NA,NA,NA,"None",0,NA,NA,NA,NA,NA,NA,NA,0,NA,NA,0,0,NA,0,NA,NA,NA,0,20,14,6,6,"STL","DET",0,"None",2,2,3,2,3,0.561950850525669,0.0744771477429887,0.00268436226476683,0.109327737490061,0.0985101443462898,0.00147564316133144,0.151574114468893,0,0,0.365406190454857,1.47275985245292,NA,NA,0.898008452260941,0.101991547739059,0.186161030459595,0.813838969540405,0.898008452260941,-0.711847421801346,NA,NA,2015
2015-12-13,"2015121302",21,4,NA,"01:03",2,63,0,"CIN",35,35,0,0,0,NA,"PIT","CIN","M.Nugent kicks onside 9 yards from CIN 35 to CIN 44. D.Williams (didn't try to advance) to CIN 44 for no gain.",1,0,0,0,NA,NA,NA,0,1,NA,"Kickoff",NA,"None",0,NA,NA,0,0,0,NA,0,NA,NA,"None",0,NA,NA,NA,"None",0,NA,NA,NA,NA,NA,NA,NA,0,NA,NA,0,0,NA,0,NA,NA,NA,0,32,20,12,12,"CIN","PIT",0,"None",2,1,2,1,2,0.707723532699314,0.0472245999877585,0.00329358207409102,0.0342748854513519,0.109198865357933,0.000451342187766825,0.0978331922417848,0,0,0.625146463870906,-0.625146463870906,NA,NA,0.00596026823407714,0.994039731765923,0.00666848777486262,0.993331512225137,0.994039731765923,-0.000708219540785482,NA,NA,2015
2015-12-17,"2015121700",23,4,NA,"01:34",2,94,0,"TB",35,35,0,-3,0,NA,"STL","TB","C.Barth kicks onside 10 yards from TB 35 to TB 45. B.Hager (didn't try to advance) to TB 45 for no gain.",1,0,0,0,NA,NA,NA,0,1,NA,"Kickoff",NA,"None",0,NA,NA,0,0,0,NA,0,NA,NA,"None",0,NA,NA,NA,"None",0,NA,NA,NA,NA,NA,NA,NA,0,NA,NA,0,0,NA,0,NA,NA,NA,0,31,23,8,8,"STL","TB",0,"None",1,1,0,1,0,0.681353044408361,0.0515650816380376,0.00359792881662226,0.0374690978565497,0.119000366521255,0.000492904464566846,0.106521576294608,0,0,0.679463155011947,-0.679463155011947,NA,NA,0.970777192789696,0.0292228072103036,0.964201287356609,0.0357987126433909,0.970777192789696,-0.00657590543308728,NA,NA,2015
2015-12-20,"2015122007",20,4,NA,"01:26",2,86,0,"BUF",35,35,0,0,0,NA,"WAS","BUF","J.Gay kicks onside 13 yards from BUF 35 to BUF 48. P.Garcon (didn't try to advance) to BUF 48 for no gain. PENALTY on BUF-N.Robey, Offside on Free Kick, 5 yards, enforced at BUF 48.",1,0,0,0,NA,NA,NA,0,1,NA,"Kickoff",NA,"None",0,NA,NA,0,0,0,NA,0,NA,NA,"None",0,NA,NA,NA,"None",0,NA,NA,NA,NA,NA,NA,NA,0,NA,NA,0,0,NA,1,"BUF","Offside on Free Kick","N.Robey",5,35,25,10,10,"WAS","BUF",0,"None",1,1,0,1,0,0.688279707842865,0.0504240589270737,0.00351790339495263,0.0366288907263432,0.116426439542273,0.000481977687972831,0.10424102187852,0,0,0.665220208496876,-0.665220208496876,NA,NA,0.98585404830978,0.0141459516902204,0.98320968381515,0.0167903161848497,0.98585404830978,-0.00264436449462935,NA,NA,2015
2015-12-20,"2015122002",10,3,NA,"15:00",15,1800,0,"CHI",35,35,0,8,0,NA,"MIN","CHI","R.Gould kicks onside 12 yards from CHI 35 to CHI 47. RECOVERED by CHI-S.McManis.",1,0,0,0,NA,NA,NA,0,1,NA,"Kickoff",NA,"None",0,NA,NA,0,0,0,NA,0,NA,NA,"None",0,NA,NA,NA,"None",0,NA,NA,NA,NA,NA,NA,NA,0,NA,NA,0,0,NA,0,NA,NA,NA,0,17,7,10,10,"MIN","CHI",0,"None",3,3,3,3,3,0.00150632650258975,0.179748786264307,0.00663910837844864,0.281137706070735,0.213700143484249,0.00359231277883968,0.31367561652083,0,0,0.323525853611276,2.39479811755925,NA,NA,0.824147516685713,0.175852483314287,0.249539685027217,0.750460314972783,0.824147516685713,-0.574607831658496,NA,NA,2015
2015-12-20,"2015122002",19,4,NA,"05:13",6,313,0,"CHI",35,35,0,0,0,NA,"MIN","CHI","(Onside Kick formation) R.Gould kicks onside 8 yards from CHI 35 to CHI 43. A.Thielen (didn't try to advance) to CHI 43 for no gain (J.Bellamy).",1,0,0,0,NA,NA,NA,0,1,NA,"Kickoff",NA,"None",0,NA,NA,0,0,0,NA,0,NA,NA,"None",0,NA,NA,NA,"None",0,NA,NA,NA,"J.Bellamy",NA,NA,NA,0,NA,NA,0,0,NA,0,NA,NA,NA,0,31,17,14,14,"MIN","CHI",0,"None",2,2,3,2,3,0.375747247738514,0.106861514608377,0.00386217573182528,0.157986638352659,0.139662704407028,0.00211933943383376,0.213760379727764,0,0,0.485334086425706,2.45697510673157,NA,NA,0.95975505161592,0.0402449483840795,0.975948360891974,0.0240516391080263,0.95975505161592,0.0161933092760532,NA,NA,2015
2015-12-20,"2015122012",28,4,NA,"02:17",3,137,0,"SF",35,35,0,27,0,NA,"CIN","SF","P.Dawson kicks onside 10 yards from SF 35 to SF 45. M.Sanu (didn't try to advance) to SF 45 for no gain. San Francisco challenged the loose ball recovery ruling, and the play was REVERSED. P.Dawson kicks onside 10 yards from SF 35 to SF 45. RECOVERED by SF-N.Bellore.",1,0,0,0,NA,NA,NA,0,1,NA,"Kickoff",NA,"None",0,NA,NA,0,0,0,NA,0,NA,NA,"None",0,NA,NA,NA,"None",0,NA,NA,NA,NA,NA,NA,NA,0,NA,NA,0,1,"Reversed",0,NA,NA,NA,0,24,14,10,10,"SF","CIN",0,"None",2,3,2,3,2,0.550028263498405,0.0765377549584745,0.00275911582817649,0.112403642946807,0.101158364778251,0.00151656454021183,0.155596293449674,0,0,0.373725280403472,1.38090646398052,NA,NA,0.0360546786451006,0.963945321354899,0.941587117712137,0.0584128822878629,0.963945321354899,-0.905532439067037,NA,NA,2015
2015-12-20,"2015122011",23,4,NA,"01:35",2,95,0,"MIA",35,65,0,6,0,0,"MIA","SD","(Onside Kick formation) PENALTY on MIA-A.Franks, Delay of Game, 5 yards, enforced at MIA 35 - No Play.",1,0,0,0,NA,NA,NA,0,1,NA,"Kickoff",NA,"None",0,NA,NA,0,0,0,NA,0,NA,NA,"None",0,NA,NA,NA,"None",0,NA,NA,NA,NA,NA,NA,NA,0,NA,NA,0,0,NA,1,"MIA","Delay of Game","A.Franks",5,14,30,-16,16,"SD","MIA",0,"None",3,0,3,0,3,0.680481463124986,0.0517087027138756,0.00360800260964785,0.037574881054983,0.119324212914516,0.000494279869232936,0.106808457712759,0,0,0.681254121725522,0,NA,NA,0.991950010672737,0.00804998932726254,0.0060548620170866,0.993945137982913,0.00804998932726254,0.985895148655651,NA,NA,2015
2015-12-20,"2015122011",23,4,NA,"01:35",2,95,0,"MIA",30,30,0,4,0,NA,"SD","MIA","A.Franks kicks onside 8 yards from MIA 30 to MIA 38. D.Woodhead (didn't try to advance) to MIA 38 for no gain. PENALTY on MIA-M.Thomas, Offside on Free Kick, 5 yards, enforced at MIA 38.",1,0,0,0,NA,NA,NA,0,1,NA,"Kickoff",NA,"None",0,NA,NA,0,0,0,NA,0,NA,NA,"None",0,NA,NA,NA,"None",0,NA,NA,NA,NA,NA,NA,NA,0,NA,NA,0,0,NA,1,"MIA","Offside on Free Kick","M.Thomas",5,30,14,16,16,"SD","MIA",0,"None",0,0,3,0,3,0.680481463124986,0.0517087027138756,0.00360800260964785,0.037574881054983,0.119324212914516,0.000494279869232936,0.106808457712759,0,0,0.681254121725522,2.07378931010448,NA,NA,0.993945137982913,0.0060548620170866,0.996337141406468,0.0036628585935321,0.993945137982913,0.0023920034235545,NA,NA,2015
2015-12-21,"2015122100",20,4,NA,"01:55",2,115,0,"NO",35,35,0,30,0,NA,"DET","NO","T.Morstead kicks onside 10 yards from NO 35 to NO 45. C.Johnson (didn't try to advance) to NO 45 for no gain (B.Cooks).",1,0,0,0,NA,NA,NA,0,1,NA,"Kickoff",NA,"None",0,NA,NA,0,0,0,NA,0,NA,NA,"None",0,NA,NA,NA,"None",0,NA,NA,NA,"B.Cooks",NA,NA,NA,0,NA,NA,0,0,NA,0,NA,NA,NA,0,35,27,8,8,"NO","DET",0,"None",0,2,0,2,0,0.662790419761133,0.0546261065750008,0.0038126797040964,0.0397249285849988,0.125896054644839,0.00052222096517438,0.112627589764758,0,0,0.717547554989984,1.55182256556984,NA,NA,0.0523131572927473,0.947686842707253,0.0330252739017207,0.966974726098279,0.947686842707253,0.0192878833910266,NA,NA,2015
2015-12-26,"2015122600",26,4,NA,"04:34",5,274,0,"PHI",35,35,0,9,0,NA,"WAS","PHI","(Onside Kick formation) C.Sturgis kicks onside 18 yards from PHI 35 to WAS 47. P.Garcon (didn't try to advance) to WAS 47 for no gain.",1,0,0,0,NA,NA,NA,0,1,NA,"Kickoff",NA,"None",0,NA,NA,0,0,0,NA,0,NA,NA,"None",0,NA,NA,NA,"None",0,NA,NA,NA,NA,NA,NA,NA,0,NA,NA,0,0,NA,0,NA,NA,NA,0,37,24,13,13,"PHI","WAS",0,"None",3,2,3,2,3,0.41322461669136,0.100304905281249,0.0036231429801863,0.148074351730659,0.131419487150475,0.00198890507294427,0.201364591093126,0,0,0.463106945330459,1.7646604575745,NA,NA,0.0449447792435456,0.955055220756454,0.0312832631491734,0.968716736850827,0.955055220756454,0.0136615160943722,NA,NA,2015
2015-12-27,"2015122708",24,4,NA,"00:01",1,1,0,"TB",35,35,0,0,0,0,"CHI","TB","C.Barth kicks onside 14 yards from TB 35 to TB 49. C.Meredith (didn't try to advance) to TB 49 for no gain.",1,0,0,0,NA,NA,NA,0,1,NA,"Kickoff",NA,"None",0,NA,NA,0,0,0,NA,0,NA,NA,"None",0,NA,NA,NA,"None",0,NA,NA,NA,NA,NA,NA,NA,0,NA,NA,0,0,NA,0,NA,NA,NA,0,26,21,5,5,"TB","CHI",0,"None",1,0,1,0,1,0.756403287126391,0.0392374109901331,0.00273405493311873,0.0284111270114029,0.0910887365821145,0.000374885967392154,0.0817504973894476,0,0,0.524211231490804,0,NA,NA,0.000611445116537546,0.999388554883462,0,1,0.999388554883462,0.000611445116537546,NA,NA,2015
2015-12-27,"2015122700",20,4,NA,"01:13",2,73,0,"JAC",35,35,0,-1,0,NA,"NO","JAC","J.Myers kicks onside 9 yards from JAC 35 to JAC 44, out of bounds.",1,0,0,0,NA,NA,NA,0,1,NA,"Kickoff",NA,"None",0,NA,NA,0,0,0,NA,0,NA,NA,"None",0,NA,NA,NA,"None",0,NA,NA,NA,NA,NA,NA,NA,0,NA,NA,0,0,NA,0,NA,NA,NA,0,38,27,11,11,"NO","JAC",0,"None",1,1,2,1,2,0.699357155137972,0.0486006429795883,0.00339004649222947,0.035286955648896,0.112309196727559,0.00046451746140805,0.100591485552346,0,0,0.642406312506423,-0.642406312506423,NA,NA,0.989243681629064,0.0107563183709359,0.987603209430928,0.0123967905690724,0.989243681629064,-0.00164047219813646,NA,NA,2015
2015-12-27,"2015122710",17,3,NA,"06:31",7,1291,0,"GB",50,50,0,2,0,0,"ARI","GB","M.Crosby kicks onside 2 yards from GB 50 to ARI 48, impetus ends at ARI 41. Ja.Brown (didn't try to advance) to ARI 48 for no gain.",1,0,0,0,NA,NA,NA,0,1,NA,"Kickoff",NA,"None",0,NA,NA,0,0,0,NA,0,NA,NA,"None",0,NA,NA,NA,"None",0,NA,NA,NA,NA,NA,NA,NA,0,NA,NA,0,0,NA,0,NA,NA,NA,0,24,8,16,16,"ARI","GB",0,"None",3,3,3,3,3,0.0115913041876045,0.175019962632585,0.00641656257065042,0.268515945721234,0.214932406493864,0.00348864077717832,0.320035177616884,0,0,0.474516111266446,2.41613668786074,NA,NA,0.925349526238807,0.0746504737611932,0.95271185000919,0.0472881499908098,0.925349526238807,0.0273623237703834,NA,NA,2015
2015-12-27,"2015122711",22,4,NA,"00:17",1,17,0,"SEA",35,35,0,0,0,NA,"STL","SEA","(Onside Kick formation) S.Hauschka kicks onside 15 yards from SEA 35 to 50, out of bounds.",1,0,0,0,NA,NA,NA,0,1,NA,"Kickoff",NA,"None",0,NA,NA,0,0,0,NA,0,NA,NA,"None",0,NA,NA,NA,"None",0,NA,NA,NA,NA,NA,NA,NA,0,NA,NA,0,0,NA,0,NA,NA,NA,0,22,17,5,5,"SEA","STL",0,"None",2,0,2,0,2,0.74438364740496,0.041206440975945,0.00287192766954063,0.0298549499961204,0.0955623871502763,0.00039373114183995,0.0857269156613179,0,0,0.549215205123975,-0.549215205123975,NA,NA,0.0134581060998926,0.986541893900107,0.0139311815951572,0.986068818404843,0.986541893900107,-0.000473075495264541,NA,NA,2015
2015-12-27,"2015122706",23,3,NA,"01:02",2,962,0,"NYG",35,35,0,2,0,NA,"MIN","NYG","J.Brown kicks onside 10 yards from NYG 35 to NYG 45. R.Blanton to NYG 18 for 27 yards (B.Bars).",1,27,0,0,NA,NA,NA,0,1,NA,"Kickoff",NA,"None",0,NA,NA,0,0,0,NA,0,NA,NA,"None",0,NA,NA,NA,"None",0,NA,"R.Blanton",NA,"B.Bars",NA,NA,NA,0,NA,NA,0,0,NA,0,NA,NA,NA,0,32,10,22,22,"MIN","NYG",0,"None",3,3,3,3,3,0.0422606802070046,0.167722119590745,0.00611953059891291,0.254133751179123,0.210330644229155,0.00333750917168895,0.316095765023371,0,0,0.555995627970515,3.94321688953473,NA,NA,0.985573098449009,0.0144269015509914,0.99755530801182,0.0024446919881802,0.985573098449009,0.0119822095628112,NA,NA,2015
2015-12-27,"2015122706",29,4,NA,"01:54",2,114,0,"NYG",35,35,0,0,0,NA,"MIN","NYG","J.Brown kicks onside 12 yards from NYG 35 to NYG 47. Z.Line (didn't try to advance) to NYG 47 for no gain.",1,0,0,0,NA,NA,NA,0,1,NA,"Kickoff",NA,"None",0,NA,NA,0,0,0,NA,0,NA,NA,"None",0,NA,NA,NA,"None",0,NA,NA,NA,NA,NA,NA,NA,0,NA,NA,0,0,NA,0,NA,NA,NA,0,49,17,32,32,"MIN","NYG",0,"None",2,2,3,2,3,0.663686417334602,0.0544782465627354,0.00380230413724637,0.0396159024059226,0.125563278494913,0.00052080475126628,0.112333046313315,0,0,0.715712104376318,-0.715712104376318,NA,NA,0.999995613305129,4.38669487057286e-06,0.999993000944463,6.99905553702695e-06,0.999995613305129,-2.61236066645409e-06,NA,NA,2015
2016-01-03,"2016010307",25,4,NA,"04:18",5,258,0,"DAL",35,35,0,0,0,NA,"WAS","DAL","D.Bailey kicks onside 13 yards from DAL 35 to DAL 48. W.Blackmon (didn't try to advance) to DAL 48 for no gain (K.Wilber).",1,0,0,0,NA,NA,NA,0,1,NA,"Kickoff",NA,"None",0,NA,NA,0,0,0,NA,0,NA,NA,"None",0,NA,NA,NA,"None",0,NA,NA,NA,"K.Wilber",NA,NA,NA,0,NA,NA,0,0,NA,0,NA,NA,NA,0,34,23,11,11,"DAL","WAS",0,"None",3,3,3,3,3,0.428922967163215,0.0975649760858074,0.00352334965139258,0.143942316012919,0.127959928634837,0.0019344165812672,0.196152045870563,0,0,0.453475100510345,2.05345217966963,NA,NA,0.0627486748654014,0.937251325134599,0.0407383204171963,0.959261679582804,0.937251325134599,0.0220103544482051,NA,NA,2015
2016-01-03,"2016010302",22,4,NA,"01:47",2,107,0,"BAL",35,35,0,0,0,NA,"CIN","BAL","J.Tucker kicks onside 9 yards from BAL 35 to BAL 44. C.Peerman (didn't try to advance) to BAL 44 for no gain (B.Trawick).",1,0,0,0,NA,NA,NA,0,1,NA,"Kickoff",NA,"None",0,NA,NA,0,0,0,NA,0,NA,NA,"None",0,NA,NA,NA,"None",0,NA,NA,NA,"B.Trawick",NA,NA,NA,0,NA,NA,0,0,NA,0,NA,NA,NA,0,24,16,8,8,"CIN","BAL",0,"None",0,0,2,0,2,0.669925191395115,0.0534490095011019,0.00373008721753672,0.0388571529490624,0.123245979142944,0.000510946945277962,0.110281632848962,0,0,0.702923987680306,1.58419929786922,NA,NA,0.952439146511378,0.047560853488622,0.970500602788641,0.0294993972113591,0.952439146511378,0.018061456277263,NA,NA,2015
2016-01-03,"2016010306",22,4,NA,"02:01",3,121,0,"OAK",35,35,0,0,0,0,"KC","OAK","S.Janikowski kicks onside 14 yards from OAK 35 to OAK 49. T.Branch to OAK 47 for 2 yards (L.Alexander).",1,2,0,0,NA,NA,NA,0,1,NA,"Kickoff",NA,"None",0,NA,NA,0,0,0,NA,0,NA,NA,"None",0,NA,NA,NA,"None",0,NA,"T.Branch",NA,"L.Alexander",NA,NA,NA,0,NA,NA,0,0,NA,0,NA,NA,NA,0,23,16,7,7,"KC","OAK",0,"None",1,1,3,1,3,0.565909870845097,0.0737932496520053,0.00265955729096401,0.10830741221428,0.0976304223256457,0.00146206268936068,0.150237424982647,0,0,0.362626618196282,1.82539282190496,NA,NA,0.930250288713768,0.0697497112862316,0.952624877318337,0.0473751226816629,0.930250288713768,0.0223745886045688,NA,NA,2015
2016-09-11,"2016091108",21,4,NA,"00:28",1,28,0,"TEN",35,35,0,0,0,NA,"MIN","TEN","(Onside Kick formation) R.Succop kicks 15 yards from TEN 35 to 50. K.Rudolph (didn't try to advance), dead ball declared at 50 for no gain.",1,0,0,0,NA,NA,NA,0,1,NA,"Kickoff",NA,"None",0,NA,NA,0,0,0,NA,0,NA,NA,"None",0,NA,NA,NA,"None",0,NA,NA,NA,NA,NA,NA,NA,0,NA,NA,0,0,NA,0,NA,NA,NA,0,24,16,8,8,"TEN","MIN",0,"None",2,2,2,2,2,0.711080800407964,0.0408377501338899,0.00210448341675693,0.0295784331992741,0.114088839756514,0.000438914896247353,0.101870778189353,0,0,0.722468546757408,-0.722468546757408,NA,NA,0.01017822254517,0.98982177745483,0.0110923473753731,0.988907652624627,0.98982177745483,-0.000914124830203145,NA,NA,2016
2016-09-15,"2016091500",20,4,NA,"01:17",2,77,0,"BUF",35,35,0,0,0,NA,"NYJ","BUF","D.Carpenter kicks onside 17 yards from BUF 35 to NYJ 48. B.Marshall (didn't try to advance) pushed ob at NYJ 45 for -3 yards (R.Humber).",1,-3,0,0,NA,NA,NA,0,1,NA,"Kickoff",NA,"None",0,NA,NA,0,0,0,NA,0,NA,NA,"None",0,NA,NA,NA,"None",0,NA,NA,NA,"R.Humber",NA,NA,NA,0,NA,NA,0,0,NA,0,NA,NA,NA,0,37,24,13,13,"BUF","NYJ",0,"None",3,2,3,2,3,0.669129808827129,0.0468900940961474,0.00241810773356005,0.0340251681019642,0.130589258081296,0.000504091430689403,0.116443471729214,0,0,0.824197584740453,0.828038029804842,NA,NA,0.00574682562164519,0.994253174378355,0.00473748839555221,0.995262511604448,0.994253174378355,0.00100933722609298,NA,NA,2016
2016-09-18,"2016091807",12,3,NA,"05:41",6,1241,0,"DAL",35,35,0,27,0,NA,"WAS","DAL","D.Bailey kicks onside 8 yards from DAL 35 to DAL 43, downed by DAL-B.Church. PENALTY on DAL-B.Church, Illegal Touch Kick, 5 yards, enforced at DAL 43.",1,0,0,0,NA,NA,NA,0,1,NA,"Kickoff",NA,"None",0,NA,NA,0,0,0,NA,0,NA,NA,"None",0,NA,NA,NA,"None",0,NA,NA,NA,NA,NA,NA,NA,0,NA,NA,0,0,NA,1,"DAL","Illegal Touch Kick","B.Church",5,17,20,-3,3,"WAS","DAL",0,"None",3,3,3,3,3,0.0128763650482123,0.157445138840205,0.00426414972536881,0.240918807809232,0.233824431171137,0.00352894762282548,0.347142159783019,0,0,0.971230936604216,2.75992826737562,NA,NA,0.411887915824098,0.588112084175902,0.503483287412154,0.496516712587846,0.411887915824098,0.0915953715880567,NA,NA,2016
2016-09-18,"2016091803",27,4,NA,"00:49",1,49,3,"KC",35,35,0,0,0,NA,"HOU","KC","C.Santos kicks onside 14 yards from KC 35 to KC 49. D.Hopkins (didn't try to advance) to KC 49 for no gain (D.Alexander).",1,0,0,0,NA,NA,NA,0,1,NA,"Kickoff",NA,"None",0,NA,NA,0,0,0,NA,0,NA,NA,"None",0,NA,NA,NA,"None",0,NA,NA,NA,"D.Alexander",NA,NA,NA,0,NA,NA,0,0,NA,0,NA,NA,NA,0,19,12,7,7,"HOU","KC",0,"None",2,2,0,2,0,0.69348728572556,0.0433732409278398,0.00223583006979188,0.031439858495653,0.121010349112126,0.000466216243552688,0.107987219425476,0,0,0.765203623409141,-0.765203623409141,NA,NA,0.986209804256843,0.0137901957431572,0.982655114718729,0.0173448852812714,0.986209804256843,-0.00355468953811422,NA,NA,2016
2016-09-18,"2016091812",20,4,NA,"12:54",13,774,0,"JAX",35,35,0,36,0,NA,"SD","JAX","J.Myers kicks onside 8 yards from JAX 35 to JAX 43. D.Inman (didn't try to advance) to JAX 43 for no gain (T.Smith).",1,0,0,0,NA,NA,NA,0,1,NA,"Kickoff",NA,"None",0,NA,NA,0,0,0,NA,0,NA,NA,"None",0,NA,NA,NA,"None",0,NA,NA,NA,"T.Smith",NA,NA,NA,0,NA,NA,0,0,NA,0,NA,NA,NA,0,35,7,28,28,"SD","JAX",0,"None",1,1,3,1,3,0.0786513760095823,0.144321743913536,0.0038821512170372,0.216966799179756,0.220803743508883,0.00322702433244925,0.332147161838756,0,0,1.03439828362986,2.40509201671594,NA,NA,0.999559581472372,0.000440418527627662,0.999906702859297,9.32971407030525e-05,0.999559581472372,0.000347121386924609,NA,NA,2016
2016-09-18,"2016091812",24,4,NA,"01:04",2,64,0,"JAX",35,35,0,0,0,NA,"SD","JAX","J.Myers kicks onside 13 yards from JAX 35 to JAX 48, out of bounds. PENALTY on JAX-J.Myers, Offside on Free Kick, 5 yards, enforced at JAX 48.",1,0,0,0,NA,NA,NA,0,1,NA,"Kickoff",NA,"None",0,NA,NA,0,0,0,NA,0,NA,NA,"None",0,NA,NA,NA,"None",0,NA,NA,NA,NA,NA,NA,NA,0,NA,NA,0,0,NA,1,"JAC","Offside on Free Kick","J.Myers",5,38,14,24,24,"SD","JAX",0,"None",0,0,2,0,2,0.680561857845899,0.0452385304400318,0.00233249414452124,0.0328105775751728,0.126093973386379,0.000486303724318842,0.112476262883678,0,0,0.796533745158171,-0.796533745158171,NA,NA,0.999438173910297,0.000561826089702677,0.999235039676454,0.000764960323546005,0.999438173910297,-0.000203134233843327,NA,NA,2016
2016-09-19,"2016091900",23,4,NA,"05:09",6,309,21,"CHI",35,35,0,16,0,NA,"PHI","CHI","(Onside Kick formation) C.Barth kicks onside 16 yards from CHI 35 to PHI 49. B.Celek (didn't try to advance) to PHI 49 for no gain.",1,0,0,0,NA,NA,NA,0,1,NA,"Kickoff",NA,"None",0,NA,NA,0,0,0,NA,0,NA,NA,"None",0,NA,NA,NA,"None",0,NA,NA,NA,NA,NA,NA,NA,0,NA,NA,0,0,NA,0,NA,NA,NA,0,29,13,16,16,"CHI","PHI",0,"None",3,1,3,1,3,0.35643367904815,0.0989512561763291,0.00264369999309817,0.146162438961163,0.155938985150643,0.00220724619662364,0.237662694473994,0,0,0.810592067919812,1.62473289394845,NA,NA,0.0262226553321441,0.973777344667856,0.0176329599672151,0.982367040032785,0.973777344667856,0.00858969536492893,NA,NA,2016
2016-09-25,"2016092500",23,4,"2","03:16",4,196,7,"BUF",23,23,10,52,0,1,"ARI","BUF","(3:16) (Shotgun) C.Palmer pass deep left intended for Ja.Brown INTERCEPTED by C.Graham at BUF 1. C.Graham ran ob at BUF 1 for no gain. C.Graham's momentum carried him into end zone, by rule considered down at BUF 1. INT along sideline, receiver underthrown.",1,0,0,0,NA,NA,NA,0,1,NA,"Kickoff","C.Palmer","00-0021429",1,"Incomplete Pass","Deep",22,0,0,"left",1,"C.Graham",NA,"None",0,NA,NA,NA,"00-0030300",0,NA,NA,NA,NA,NA,NA,NA,0,NA,NA,0,0,NA,0,NA,NA,NA,0,16,26,-10,10,"BUF","ARI",0,"None",2,2,2,2,2,0.46591472069714,0.0817402112267629,0.00218026747058059,0.120224204191968,0.129745993618722,0.00182226798424252,0.198372334810584,0,0,0.690338262533516,-0.23620088635409,4.21641165934102,-4.45261254569511,0.928835885308242,0.0711641146917578,0.932910112934226,0.0670898870657736,0.0711641146917578,-0.00407422762598422,0.129893441978957,-0.133967669604941,2016
2016-09-25,"2016092508",25,4,NA,"00:56",1,56,0,"SF",35,35,0,0,0,NA,"SEA","SF","P.Dawson kicks onside 26 yards from SF 35 to SEA 39. L.Willson MUFFS catch, and recovers at SEA 39. L.Willson to SEA 39 for no gain (N.Bellore).",1,0,0,0,NA,NA,NA,0,1,NA,"Kickoff",NA,"None",0,NA,NA,0,0,0,NA,0,NA,NA,"None",0,NA,NA,NA,"None",0,NA,"L.Willson",NA,"N.Bellore",NA,NA,NA,0,NA,NA,0,0,NA,0,NA,NA,NA,0,37,18,19,19,"SEA","SF",0,"None",1,1,3,1,3,0.687491624371322,0.0442382177345991,0.00228065159873528,0.0320753531525425,0.123368614907762,0.000475530983678692,0.11007000725136,0,0,0.7797435289811,0.540598286327703,NA,NA,0.99733289139766,0.00266710860234021,0.99753317561496,0.00246682438503953,0.99733289139766,0.000200284217300672,NA,NA,2016
2016-09-25,"2016092513",7,2,NA,"07:47",8,2267,5,"CHI",35,35,0,0,0,0,"DAL","CHI","C.Barth kicks onside 11 yards from CHI 35 to CHI 46. RECOVERED by CHI-S.McManis. PENALTY on CHI-J.Anderson, Offside on Free Kick, 5 yards, enforced at CHI 35 - No Play.",1,0,0,0,NA,NA,NA,0,1,NA,"Kickoff",NA,"None",0,NA,NA,0,0,0,NA,0,NA,NA,"None",0,NA,NA,NA,"None",0,NA,NA,NA,NA,NA,NA,NA,0,NA,NA,0,0,NA,1,"CHI","Offside on Free Kick","S.McManis",5,17,3,14,14,"DAL","CHI",0,"None",2,2,3,2,3,0.226849720988209,0.119637304211458,0.00320375857492877,0.177778582295093,0.186651209322532,0.00267085187134182,0.283208572736437,0,0,0.937985835015456,-0.00126159447582896,NA,NA,0.891805507538454,0.108194492461546,0.891857422355004,0.108142577644996,0.891805507538454,5.19148165500916e-05,NA,NA,2016
2016-10-02,"2016100206",21,4,NA,"02:15",3,135,0,"NYJ",35,35,0,0,0,NA,"SEA","NYJ","N.Folk kicks onside 18 yards from NYJ 35 to SEA 47. J.Graham (didn't try to advance) to SEA 47 for no gain (C.Peake).",1,0,0,0,NA,NA,NA,0,1,NA,"Kickoff",NA,"None",0,NA,NA,0,0,0,NA,0,NA,NA,"None",0,NA,NA,NA,"None",0,NA,NA,NA,"C.Peake",NA,NA,NA,0,NA,NA,0,0,NA,0,NA,NA,NA,0,27,17,10,10,"NYJ","SEA",0,"None",0,1,0,1,0,0.527145026120011,0.0721880906918978,0.00192376761260968,0.105929896985461,0.115029862259107,0.00160881268724235,0.176174543643671,0,0,0.619607931458362,1.24989059294422,NA,NA,0.0309674242805149,0.969032575719485,0.022170373545627,0.977829626454373,0.969032575719485,0.0087970507348879,NA,NA,2016
2016-10-02,"2016100203",20,4,NA,"01:52",2,112,20,"DET",35,35,0,-3,0,NA,"CHI","DET","(Onside Kick formation) S.Martin kicks onside 6 yards from DET 35 to DET 41, impetus ends at DET 43. S.Acho (didn't try to advance) to DET 41 for no gain (D.Carey). PENALTY on DET-D.Carey, Illegal Touch Kick, 5 yards, enforced at DET 41.",1,0,0,0,NA,NA,NA,0,1,NA,"Kickoff",NA,"None",0,NA,NA,0,0,0,NA,0,NA,NA,"None",0,NA,NA,NA,"None",0,NA,NA,NA,"D.Carey",NA,NA,NA,0,NA,NA,0,0,NA,1,"DET","Illegal Touch Kick","D.Carey",5,17,12,5,5,"CHI","DET",0,"None",2,2,0,2,0,0.637371257840215,0.0514869772944326,0.00265652536693515,0.0374103830667358,0.143072407451443,0.000553610045196208,0.127448838935042,0,0,0.900819650905699,-0.900819650905699,NA,NA,0.918104505607171,0.0818954943928289,0.891927184032514,0.108072815967486,0.918104505607171,-0.0261773215746566,NA,NA,2016
2016-10-06,"2016100600",28,4,NA,"01:52",2,112,0,"SF",35,35,0,18,0,NA,"ARI","SF","P.Dawson kicks onside 8 yards from SF 35 to SF 43. B.Golden (didn't try to advance) to SF 43 for no gain.",1,0,0,0,NA,NA,NA,0,1,NA,"Kickoff",NA,"None",0,NA,NA,0,0,0,NA,0,NA,NA,"None",0,NA,NA,NA,"None",0,NA,NA,NA,NA,NA,NA,NA,0,NA,NA,0,0,NA,0,NA,NA,NA,0,31,21,10,10,"SF","ARI",0,"None",3,3,3,3,3,0.637371257840215,0.0514869772944326,0.00265652536693515,0.0374103830667358,0.143072407451443,0.000553610045196208,0.127448838935042,0,0,0.900819650905699,1.45302703372606,NA,NA,0.0221743122522743,0.977825687747726,0.0149901925340713,0.985009807465929,0.977825687747726,0.00718411971820299,NA,NA,2016
2016-10-09,"2016100905",22,4,NA,"03:46",4,226,0,"HOU",35,35,0,0,0,NA,"MIN","HOU","(Onside Kick formation) N.Novak kicks onside 11 yards from HOU 35 to HOU 46. L.Treadwell (didn't try to advance) to HOU 46 for no gain.",1,0,0,0,NA,NA,NA,0,1,NA,"Kickoff",NA,"None",0,NA,NA,0,0,0,NA,0,NA,NA,"None",0,NA,NA,NA,"None",0,NA,NA,NA,NA,NA,NA,NA,0,NA,NA,0,0,NA,0,NA,NA,NA,0,30,13,17,17,"MIN","HOU",0,"None",3,3,3,3,3,0.436060383177614,0.0864153670440235,0.00230597879614508,0.127244931421937,0.136905086585845,0.00192679109308875,0.209141461881347,0,0,0.723986496435223,1.82511013621367,NA,NA,0.986532536165609,0.0134674638343907,0.992035325816475,0.00796467418352509,0.986532536165609,0.00550278965086559,NA,NA,2016
2016-10-09,"2016100907",20,4,NA,"02:38",3,158,0,"DEN",35,35,0,0,0,0,"ATL","DEN","(Onside Kick formation) B.McManus kicks onside 25 yards from DEN 35 to ATL 40. RECOVERED by DEN-C.Nelson. PENALTY on DEN-D.Watson, Offside on Free Kick, 5 yards, enforced at DEN 35 - No Play.",1,0,0,0,NA,NA,NA,0,1,NA,"Kickoff",NA,"None",0,NA,NA,0,0,0,NA,0,NA,NA,"None",0,NA,NA,NA,"None",0,NA,NA,NA,NA,NA,NA,NA,0,NA,NA,0,0,NA,1,"DEN","Offside on Free Kick","C.Nelson",5,23,13,10,10,"DEN","ATL",0,"None",3,2,3,2,3,0.50405508101987,0.0757847153629341,0.00202029403995232,0.111304534937886,0.120584266286067,0.00168916876317138,0.18456193959012,0,0,0.646538234781476,-0.00116581489168899,NA,NA,0.0430819573553916,0.956918042644608,0.0427355167452207,0.957264483254779,0.956918042644608,0.000346440610170862,NA,NA,2016
2016-10-09,"2016100907",20,4,NA,"02:37",3,157,1,"DEN",30,30,0,0,0,NA,"ATL","DEN","(Onside Kick formation) B.McManus kicks onside 8 yards from DEN 30 to DEN 38. A.Hooper (didn't try to advance) to DEN 38 for no gain (B.McManus).",1,0,0,0,NA,NA,NA,0,1,NA,"Kickoff",NA,"None",0,NA,NA,0,0,0,NA,0,NA,NA,"None",0,NA,NA,NA,"None",0,NA,NA,NA,"B.McManus",NA,NA,NA,0,NA,NA,0,0,NA,0,NA,NA,NA,0,23,13,10,10,"DEN","ATL",0,"None",3,2,3,2,3,0.505060073132668,0.0756280373570598,0.00201608781674353,0.111070217004237,0.120342631711479,0.00168566787100205,0.184197285106811,0,0,0.645372419889787,2.18170877224677,NA,NA,0.0427355167452207,0.957264483254779,0.0248596327767985,0.975140367223202,0.957264483254779,0.0178758839684222,NA,NA,2016
2016-10-09,"2016100907",22,4,NA,"00:14",1,14,5,"DEN",35,35,0,0,0,NA,"ATL","DEN","(Onside Kick formation) B.McManus kicks onside 9 yards from DEN 35 to DEN 44. L.Toilolo (didn't try to advance) to DEN 44 for no gain (C.Nelson).",1,0,0,0,NA,NA,NA,0,1,NA,"Kickoff",NA,"None",0,NA,NA,0,0,0,NA,0,NA,NA,"None",0,NA,NA,NA,"None",0,NA,NA,NA,"C.Nelson",NA,NA,NA,0,NA,NA,0,0,NA,0,NA,NA,NA,0,23,16,7,7,"DEN","ATL",0,"None",3,0,3,0,3,0.722470383104914,0.0391984799091113,0.00201959419704365,0.0283760767262047,0.109606857428137,0.000421265987864691,0.0979073426467248,0,0,0.69474733758236,-0.69474733758236,NA,NA,0.0208454197627825,0.979154580237217,0.0216541013152767,0.978345898684723,0.979154580237217,-0.000808681552494139,NA,NA,2016
2016-10-09,"2016100908",17,4,NA,"02:39",3,159,0,"CIN",35,35,0,0,0,NA,"DAL","CIN","M.Nugent kicks onside 11 yards from CIN 35 to CIN 46. E.Elliott (didn't try to advance) to CIN 46 for no gain (M.Flowers).",1,0,0,0,NA,NA,NA,0,1,NA,"Kickoff",NA,"None",0,NA,NA,0,0,0,NA,0,NA,NA,"None",0,NA,NA,NA,"None",0,NA,NA,NA,"M.Flowers",NA,NA,NA,0,NA,NA,0,0,NA,0,NA,NA,NA,0,28,14,14,14,"DAL","CIN",0,"None",2,2,2,2,2,0.503050055448915,0.0759414110157866,0.00202450085605762,0.111538896377239,0.120825897679239,0.00169267008472547,0.184926568538038,0,0,0.647703503573285,1.71847361879477,NA,NA,0.983967439474879,0.0160325605251213,0.989294647855616,0.0107053521443836,0.983967439474879,0.00532720838073764,NA,NA,2016
2016-10-13,"2016101300",24,4,NA,"00:27",1,27,5,"DEN",35,35,0,0,0,NA,"SD","DEN","R.Dixon kicks onside 11 yards from DEN 35 to DEN 46. RECOVERED by DEN-J.Taylor.",1,0,0,0,NA,NA,NA,0,1,NA,"Kickoff",NA,"None",0,NA,NA,0,0,0,NA,0,NA,NA,"None",0,NA,NA,NA,"None",0,NA,NA,NA,NA,NA,NA,NA,0,NA,NA,0,0,NA,0,NA,NA,NA,0,21,13,8,8,"SD","DEN",0,"None",2,2,0,2,0,0.711903496189128,0.0407192852934456,0.00209834794177186,0.029491513363782,0.113765126948146,0.000437639406979874,0.101584590856746,0,0,0.72046765034527,0.80590552910813,NA,NA,0.991597757024768,0.00840224297523184,0.0147021014767258,0.985297898523274,0.991597757024768,-0.976895655548042,NA,NA,2016
2016-10-16,"2016101607",23,4,NA,"02:07",3,127,0,"CLE",35,35,0,0,0,NA,"TEN","CLE","(Onside Kick formation) C.Parkey kicks onside 3 yards from CLE 35 to CLE 38. RECOVERED by CLE-R.Higgins.",1,0,0,0,NA,NA,NA,0,1,NA,"Kickoff",NA,"None",0,NA,NA,0,0,0,NA,0,NA,NA,"None",0,NA,NA,NA,"None",0,NA,NA,NA,NA,NA,NA,NA,0,NA,NA,0,0,NA,0,NA,NA,NA,0,28,19,9,9,"TEN","CLE",0,"None",3,3,2,3,2,0.535154106551664,0.0709420332696703,0.001890340049923,0.104069882502624,0.113101900212718,0.00158097735371862,0.173260760059682,0,0,0.610197018336139,0.703179495293299,NA,NA,0.957676281703359,0.0423237182966415,0.0655442373725929,0.934455762627407,0.957676281703359,-0.892132044330766,NA,NA,2016
2016-10-16,"2016101607",24,4,NA,"00:27",1,27,0,"CLE",35,35,0,-1,0,NA,"TEN","CLE","(Onside Kick formation) C.Parkey kicks onside 14 yards from CLE 35 to CLE 49, out of bounds.",1,0,0,0,NA,NA,NA,0,1,NA,"Kickoff",NA,"None",0,NA,NA,0,0,0,NA,0,NA,NA,"None",0,NA,NA,NA,"None",0,NA,NA,NA,NA,NA,NA,NA,0,NA,NA,0,0,NA,0,NA,NA,NA,0,28,26,2,2,"TEN","CLE",0,"None",2,2,0,2,0,0.711903496189128,0.0407192852934456,0.00209834794177186,0.029491513363782,0.113765126948146,0.000437639406979874,0.101584590856746,0,0,0.72046765034527,-0.72046765034527,NA,NA,0.945416003096863,0.0545839969031373,0.918268828810799,0.0817311711892015,0.945416003096863,-0.0271471742860642,NA,NA,2016
2016-10-16,"2016101603",3,1,NA,"08:34",9,3214,4,"MIA",35,35,0,75,0,NA,"PIT","MIA","MIA attempted an onside kick prior to the officials' whistle.  Re-kick. A.Franks kicks 65 yards from MIA 35 to end zone, Touchback.",1,0,0,0,NA,NA,NA,0,1,NA,"Kickoff",NA,"None",0,NA,NA,0,0,0,NA,0,NA,NA,"None",0,NA,NA,NA,"None",0,"Touchback",NA,NA,NA,NA,NA,NA,0,NA,NA,0,0,NA,0,NA,NA,NA,0,0,3,-3,3,"MIA","PIT",0,"None",3,3,3,3,3,0.0064610555067292,0.159508102969209,0.00433095229353794,0.245679674853961,0.234293036288317,0.00357837627392147,0.346148801814325,0,0,0.926133536640635,0,NA,NA,0.570687208550269,0.429312791449731,0.570687208550269,0.429312791449731,0.429312791449731,0,NA,NA,2016
2016-10-16,"2016101603",20,4,NA,"01:02",2,62,0,"MID",50,50,0,62,0,NA,"MIA","PIT","C.Boswell kicks onside 12 yards from 50 to MIA 38. J.Landry (didn't try to advance) to MIA 38 for no gain (R.Nix).",1,0,0,0,NA,NA,NA,0,1,NA,"Kickoff",NA,"None",0,NA,NA,0,0,0,NA,0,NA,NA,"None",0,NA,NA,NA,"None",0,NA,NA,NA,"R.Nix",NA,NA,NA,0,NA,NA,0,0,NA,0,NA,NA,NA,0,23,15,8,8,"MIA","PIT",0,"None",2,2,2,2,2,0.682301952284211,0.0449872896383779,0.00231947243202765,0.03262588682198,0.12540965607093,0.000483597958113405,0.11187214479436,0,0,0.792319156156487,0.504114517522721,NA,NA,0.98303546912136,0.0169645308786402,0.985738420536241,0.0142615794637594,0.98303546912136,0.00270295141488086,NA,NA,2016
2016-10-16,"2016101610",20,4,NA,"06:53",7,413,0,"MID",50,50,0,0,0,NA,"DAL","GB","M.Crosby kicks onside 12 yards from 50 to DAL 38. J.Witten (didn't try to advance) to DAL 38 for no gain (K.Brice).",1,0,0,0,NA,NA,NA,0,1,NA,"Kickoff",NA,"None",0,NA,NA,0,0,0,NA,0,NA,NA,"None",0,NA,NA,NA,"None",0,NA,NA,NA,"K.Brice",NA,NA,NA,0,NA,NA,0,0,NA,0,NA,NA,NA,0,27,16,11,11,"GB","DAL",0,"None",3,3,3,3,3,0.267166390553738,0.113152238451567,0.00302770635909337,0.167798442748817,0.177141619572081,0.00252537247401398,0.26918822984069,0,0,0.900691985234496,0.961524020660476,NA,NA,0.0870868647420664,0.912913135257934,0.0733168481343767,0.926683151865623,0.912913135257934,0.0137700166076897,NA,NA,2016
2016-10-23,"2016102304",18,4,NA,"02:33",3,153,0,"NO",35,35,0,0,0,NA,"KC","NO","W.Lutz kicks onside 11 yards from NO 35 to NO 46, out of bounds.",1,0,0,0,NA,NA,NA,0,1,NA,"Kickoff",NA,"None",0,NA,NA,0,0,0,NA,0,NA,NA,"None",0,NA,NA,NA,"None",0,NA,NA,NA,NA,NA,NA,NA,0,NA,NA,0,0,NA,0,NA,NA,NA,0,23,21,2,2,"KC","NO",0,"None",1,1,1,1,1,0.509079544631851,0.0750015266076532,0.00199926951360059,0.110133416670931,0.119376101125987,0.00167166914889505,0.182738472301082,0,0,0.640703912236648,1.69852733875155,NA,NA,0.698636619074457,0.301363380925543,0.797094479555154,0.202905520444846,0.698636619074457,0.0984578604806965,NA,NA,2016
2016-10-23,"2016102308",7,2,NA,"10:16",11,2416,0,"IND",35,35,0,0,0,NA,"TEN","IND","P.McAfee kicks onside 30 yards from IND 35 to TEN 35. RECOVERED by IND-R.Turbin.",1,0,0,0,NA,NA,NA,0,1,NA,"Kickoff",NA,"None",0,NA,NA,0,0,0,NA,0,NA,NA,"None",0,NA,NA,NA,"None",0,NA,NA,NA,NA,NA,NA,NA,0,NA,NA,0,0,NA,0,NA,NA,NA,0,6,14,-8,8,"TEN","IND",0,"None",3,3,3,3,3,0.138790818660935,0.13406036267892,0.00359781447559365,0.200338101265852,0.207178295694326,0.00299514011327326,0.313039467111101,0,0,1.00705801123832,2.76687587907086,NA,NA,0.254256201474259,0.74574379852574,0.841278473096945,0.158721526903055,0.254256201474259,0.587022271622686,NA,NA,2016
2016-10-23,"2016102308",21,4,NA,"00:43",1,43,5,"TEN",35,35,0,0,0,NA,"IND","TEN","(Onside Kick formation) R.Succop kicks onside 10 yards from TEN 35 to TEN 45, out of bounds.",1,0,0,0,NA,NA,NA,0,1,NA,"Kickoff",NA,"None",0,NA,NA,0,0,0,NA,0,NA,NA,"None",0,NA,NA,NA,"None",0,NA,NA,NA,NA,NA,NA,NA,0,NA,NA,0,0,NA,0,NA,NA,NA,0,33,26,7,7,"TEN","IND",0,"None",3,1,3,1,3,0.698574931473778,0.0426396237217803,0.00219782049740095,0.030901061620597,0.119009031759651,0.000458316462720848,0.106219214464072,0,0,0.752856285948576,-0.752856285948576,NA,NA,0.0118742889087219,0.988125711091278,0.0150566191992776,0.984943380800722,0.988125711091278,-0.0031823302905557,NA,NA,2016
2016-10-23,"2016102307",25,4,NA,"00:34",1,34,0,"MID",50,50,0,-1,0,NA,"PHI","MIN","(Onside Kick formation) B.Walsh kicks 14 yards from 50 to PHI 36, out of bounds.",1,0,0,0,NA,NA,NA,0,1,NA,"Kickoff",NA,"None",0,NA,NA,0,0,0,NA,0,NA,NA,"None",0,NA,NA,NA,"None",0,NA,NA,NA,NA,NA,NA,NA,0,NA,NA,0,0,NA,0,NA,NA,NA,0,21,10,11,11,"PHI","MIN",0,"None",3,3,1,3,1,0.706115470985972,0.0415529237127954,0.00214152598869698,0.0301032659805318,0.116042485828556,0.000446615233221349,0.103597712270227,0,0,0.734539988864194,-0.734539988864194,NA,NA,0.994101622192308,0.00589837780769153,0.993858558862176,0.00614144113782389,0.994101622192308,-0.000243063330132354,NA,NA,2016
2016-10-23,"2016102303",23,4,NA,"04:12",5,252,0,"JAX",35,35,0,48,0,NA,"OAK","JAX","J.Myers kicks onside 13 yards from JAX 35 to JAX 48, out of bounds.",1,0,0,0,NA,NA,NA,0,1,NA,"Kickoff",NA,"None",0,NA,NA,0,0,0,NA,0,NA,NA,"None",0,NA,NA,NA,"None",0,NA,NA,NA,NA,NA,NA,NA,0,NA,NA,0,0,NA,0,NA,NA,NA,0,26,16,10,10,"JAX","OAK",0,"None",3,3,3,3,3,0.41054805616432,0.0904207352384867,0.00241377786856154,0.133273905268297,0.143013704645068,0.00201636844354732,0.218313452371718,0,0,0.752260919093661,1.74480762661891,NA,NA,0.071121377852193,0.928878622147807,0.0492363727588682,0.950763627241132,0.928878622147807,0.0218850050933248,NA,NA,2016
2016-10-23,"2016102305",23,4,NA,"00:14",1,14,0,"BUF",35,35,0,0,0,NA,"MIA","BUF","(Onside Kick formation) D.Carpenter kicks onside 12 yards from BUF 35 to BUF 47. J.Landry to BUF 45 for 2 yards (J.Meeks).",1,2,0,0,NA,NA,NA,0,1,NA,"Kickoff",NA,"None",0,NA,NA,0,0,0,NA,0,NA,NA,"None",0,NA,NA,NA,"None",0,NA,"J.Landry",NA,"J.Meeks",NA,NA,NA,0,NA,NA,0,0,NA,0,NA,NA,NA,0,28,25,3,3,"MIA","BUF",0,"None",1,1,0,1,0,0.722470383104914,0.0391984799091113,0.00201959419704365,0.0283760767262047,0.109606857428137,0.000421265987864691,0.0979073426467248,0,0,0.69474733758236,-0.69474733758236,NA,NA,0.981533406498287,0.0184665935017128,0.97852515053379,0.0214748494662098,0.981533406498287,-0.00300825596449705,NA,NA,2016
2016-10-27,"2016102700",20,4,NA,"03:11",4,191,0,"JAX",35,35,0,-5,0,NA,"TEN","JAX","(Onside Kick formation) J.Myers kicks onside 12 yards from JAX 35 to JAX 47. M.Mariani (didn't try to advance) to JAX 47 for no gain.",1,0,0,0,NA,NA,NA,0,1,NA,"Kickoff",NA,"None",0,NA,NA,0,0,0,NA,0,NA,NA,"None",0,NA,NA,NA,"None",0,NA,NA,NA,NA,NA,NA,NA,0,NA,NA,0,0,NA,0,NA,NA,NA,0,36,15,21,21,"TEN","JAX",0,"None",3,3,3,3,3,0.470920131098272,0.0809575597417265,0.00215923399944467,0.119050531340155,0.128544611351214,0.0018047734970437,0.196563158972144,0,0,0.684640627247585,1.70762161660088,NA,NA,0.997017016253427,0.00298298374657269,0.998549845632335,0.00145015436766538,0.997017016253427,0.00153282937890731,NA,NA,2016
2016-10-30,"2016103005",8,2,NA,"12:58",13,2578,0,"KC",50,50,0,0,0,NA,"IND","KC","C.Santos kicks onside 13 yards from KC 50 to IND 37. C.Carter (didn't try to advance) to IND 37 for no gain (E.Murray).",1,0,0,0,NA,NA,NA,0,1,NA,"Kickoff",NA,"None",0,NA,NA,0,0,0,NA,0,NA,NA,"None",0,NA,NA,NA,"None",0,NA,NA,NA,"E.Murray",NA,NA,NA,0,NA,NA,0,0,NA,0,NA,NA,NA,0,0,10,-10,10,"IND","KC",0,"None",3,3,3,3,3,0.0774934214076166,0.1445258776303,0.00388786941984378,0.217306596759611,0.221059746016339,0.00323165538255801,0.332494833383731,0,0,1.03460683345238,1.02794213734806,NA,NA,0.195267783985,0.804732216015,0.221693973286737,0.778306026713263,0.195267783985,0.0264261893017369,NA,NA,2016
2016-10-30,"2016103004",21,4,NA,"02:53",3,173,4,"DET",35,35,0,25,0,NA,"HOU","DET","S.Martin kicks onside 9 yards from DET 35 to DET 44. R.Nelson (didn't try to advance) to DET 44 for no gain.",1,0,0,0,NA,NA,NA,0,1,NA,"Kickoff",NA,"None",0,NA,NA,0,0,0,NA,0,NA,NA,"None",0,NA,NA,NA,"None",0,NA,NA,NA,NA,NA,NA,NA,0,NA,NA,0,0,NA,0,NA,NA,NA,0,20,13,7,7,"HOU","DET",0,"None",3,3,3,3,3,0.488980732310559,0.0781363077534647,0.00208344000817849,0.114823505019982,0.124207296492317,0.00174171817589474,0.190027000239604,0,0,0.663953989089345,1.8608094969423,NA,NA,0.897439870005701,0.102560129994299,0.937019680296001,0.0629803197039989,0.897439870005701,0.0395798102903001,NA,NA,2016
2016-10-30,"2016103003",24,4,NA,"00:12",1,12,0,"CLE",35,35,0,0,0,NA,"NYJ","CLE","C.Parkey kicks onside 18 yards from CLE 35 to NYJ 47. B.Marshall (didn't try to advance) to NYJ 44 for -3 yards.",1,-3,0,0,NA,NA,NA,0,1,NA,"Kickoff",NA,"None",0,NA,NA,0,0,0,NA,0,NA,NA,"None",0,NA,NA,NA,"None",0,NA,NA,NA,NA,NA,NA,NA,0,NA,NA,0,0,NA,0,NA,NA,NA,0,31,28,3,3,"CLE","NYJ",0,"None",1,0,1,0,1,0.724074707265901,0.0389677101731546,0.00200764576727409,0.0282068844863856,0.108975455570489,0.000418781588420595,0.097348815148375,0,0,0.690839022468222,-0.690839022468222,NA,NA,0.0185388228033756,0.981461177196624,0.0206024341568738,0.979397565843126,0.981461177196624,-0.0020636113534982,NA,NA,2016
2016-11-03,"2016110300",19,4,NA,"06:47",7,407,0,"TB",35,35,0,0,0,NA,"ATL","TB","R.Aguayo kicks onside 9 yards from TB 35 to TB 44. M.Sanu (didn't try to advance) to TB 44 for no gain (J.Robinson).",1,0,0,0,NA,NA,NA,0,1,NA,"Kickoff",NA,"None",0,NA,NA,0,0,0,NA,0,NA,NA,"None",0,NA,NA,NA,"None",0,NA,NA,NA,"J.Robinson",NA,NA,NA,0,NA,NA,0,0,NA,0,NA,NA,NA,0,40,20,20,20,"TB","ATL",0,"None",3,1,3,1,3,0.271916439424622,0.11239158265756,0.00300708931676568,0.16663256957975,0.17601803446416,0.00250831830234311,0.2675259662548,0,0,0.896135590116307,2.16565909639148,NA,NA,0.0121352358842652,0.987864764115735,0.00539647027810142,0.994603529721899,0.987864764115735,0.00673876560616382,NA,NA,2016
2016-11-03,"2016110300",21,4,NA,"00:59",1,59,0,"TB",35,35,0,-2,0,NA,"ATL","TB","R.Aguayo kicks onside 9 yards from TB 35 to TB 44. A.Hooper (didn't try to advance) to TB 44 for no gain (K.Tandy).",1,0,0,0,NA,NA,NA,0,1,NA,"Kickoff",NA,"None",0,NA,NA,0,0,0,NA,0,NA,NA,"None",0,NA,NA,NA,"None",0,NA,NA,NA,"K.Tandy",NA,NA,NA,0,NA,NA,0,0,NA,0,NA,NA,NA,0,43,28,15,15,"TB","ATL",0,"None",3,1,3,1,3,0.684902558952732,0.0446118775456322,0.00230001599657426,0.0323499535990615,0.124386889843053,0.000479554990508757,0.110969149072438,0,0,0.786018483193772,-0.786018483193772,NA,NA,0.00310291011687813,0.996897089883122,0.00345607134134973,0.99654392865865,0.996897089883122,-0.000353161224471599,NA,NA,2016
2016-11-06,"2016110601",29,4,NA,"00:48",1,48,0,"PIT",35,35,0,-2,0,NA,"BAL","PIT","C.Boswell kicks onside 1 yard from PIT 35 to PIT 36, downed by PIT-C.Boswell. Penalty on PIT-C.Boswell, Illegally Kicking Ball, declined.",1,0,0,0,NA,NA,NA,0,1,NA,"Kickoff",NA,"None",0,NA,NA,0,0,0,NA,0,NA,NA,"None",0,NA,NA,NA,"None",0,NA,NA,NA,NA,NA,NA,NA,0,NA,NA,0,0,NA,0,NA,NA,NA,0,19,14,5,5,"BAL","PIT",0,"None",3,3,0,3,0,0.694338552598836,0.0432504685884385,0.00222946876104612,0.0313496776722573,0.120675500718553,0.000464894174917266,0.107691437485952,0,0,0.763138265913948,-0.763138265913948,NA,NA,0.97497958850662,0.0250204114933799,0.969629082592307,0.0303709174076933,0.97497958850662,-0.00535050591431341,NA,NA,2016
2016-11-06,"2016110607",22,4,NA,"00:34",1,34,0,"LA",35,35,0,-1,0,NA,"CAR","LA","G.Zuerlein kicks onside 46 yards from LA 35 to CAR 19. T.Ginn (didn't try to advance) to CAR 19 for no gain. PENALTY on LA, Illegal Formation, 5 yards, enforced at CAR 19.",1,0,0,0,NA,NA,NA,0,1,NA,"Kickoff",NA,"None",0,NA,NA,0,0,0,NA,0,NA,NA,"None",0,NA,NA,NA,"None",0,NA,NA,NA,NA,NA,NA,NA,0,NA,NA,0,0,NA,1,"LA","Illegal Formation",NA,5,13,10,3,3,"LA","CAR",0,"None",0,0,0,0,0,0.706115470985972,0.0415529237127954,0.00214152598869698,0.0301032659805318,0.116042485828556,0.000446615233221349,0.103597712270227,0,0,0.734539988864194,-0.734539988864194,NA,NA,0.0513900846100067,0.948609915389993,0.0676709363801447,0.932329063619855,0.948609915389993,-0.0162808517701379,NA,NA,2016
2016-11-13,"2016111303",24,4,NA,"01:22",2,82,0,"NO",35,35,0,0,0,NA,"DEN","NO","W.Lutz kicks onside 11 yards from NO 35 to NO 46. D.Thomas (didn't try to advance) to NO 46 for no gain (W.Snead).",1,0,0,0,NA,NA,NA,0,1,NA,"Kickoff",NA,"None",0,NA,NA,0,0,0,NA,0,NA,NA,"None",0,NA,NA,NA,"None",0,NA,NA,NA,"W.Snead",NA,NA,NA,0,NA,NA,0,0,NA,0,NA,NA,NA,0,23,23,0,0,"NO","DEN",0,"None",1,0,1,0,1,0.664678167951467,0.0475336661328348,0.00245147558154316,0.0344986986462256,0.132339471463845,0.000511023315733212,0.117987496908352,0,0,0.834958099296295,-0.834958099296295,NA,NA,0.353819716056072,0.646180283943928,0.443520661805006,0.556479338194994,0.646180283943928,-0.0897009457489337,NA,NA,2016
2016-11-13,"2016111307",1,1,NA,"15:00",15,3600,0,"TEN",35,35,0,3,0,NA,"GB","TEN","R.Succop kicks onside 14 yards from TEN 35 to TEN 49. J.Thomas (didn't try to advance) to TEN 49 for no gain (K.Byard).",1,0,0,0,NA,NA,NA,0,1,NA,"Kickoff",NA,"None",0,NA,NA,0,0,0,NA,0,NA,NA,"None",0,NA,NA,NA,"None",0,NA,NA,NA,"K.Byard",NA,NA,NA,0,NA,NA,0,0,NA,0,NA,NA,NA,0,0,0,0,0,"TEN","GB",0,"None",3,3,3,3,3,0.00137367959113161,0.162631509518862,0.00444072635822802,0.25417863378643,0.23308117414857,0.00365571302658065,0.340638563570199,0,0,0.814998475712213,2.18352755266064,NA,NA,0.499993178278065,0.500006821721935,0.432782226235493,0.567217773764507,0.500006821721935,0.0672109520425721,NA,NA,2016
2016-11-13,"2016111307",17,3,NA,"08:53",9,1433,0,"MID",50,50,0,0,0,NA,"TEN","GB","M.Crosby kicks onside 10 yards from 50 to TEN 40, out of bounds. PENALTY on GB, Offside on Free Kick, 5 yards, enforced at TEN 40.",1,0,0,0,NA,NA,NA,0,1,NA,"Kickoff",NA,"None",0,NA,NA,0,0,0,NA,0,NA,NA,"None",0,NA,NA,NA,"None",0,NA,NA,NA,NA,NA,NA,NA,0,NA,NA,0,0,NA,1,"GB","Offside on Free Kick",NA,5,35,22,13,13,"TEN","GB",0,"None",3,3,3,3,3,0.0059883459660975,0.159697827879049,0.00433730726231584,0.246148927421938,0.234288099442634,0.00358298343677959,0.345956508591186,0,0,0.920915235224418,1.72886046567499,NA,NA,0.89038388408749,0.10961611591251,0.913520169861458,0.0864798301385423,0.89038388408749,0.0231362857739673,NA,NA,2016
2016-11-20,"2016112009",23,4,NA,"02:06",3,126,0,"SF",35,35,0,44,0,NA,"NE","SF","P.Dawson kicks onside 15 yards from SF 35 to 50. D.Amendola to SF 48 for 2 yards (R.Streater).",1,2,0,0,NA,NA,NA,0,1,NA,"Kickoff",NA,"None",0,NA,NA,0,0,0,NA,0,NA,NA,"None",0,NA,NA,NA,"None",0,NA,"D.Amendola",NA,"R.Streater",NA,NA,NA,0,NA,NA,0,0,NA,0,NA,NA,NA,0,30,17,13,13,"SF","NE",0,"None",2,3,2,3,2,0.536154050244769,0.0707865141547296,0.00188616849543622,0.103837808461811,0.112861144312114,0.00157750340357587,0.172896810927564,0,0,0.609019577548702,1.52193868996237,NA,NA,0.0141312619446726,0.985868738055327,0.00930508136056885,0.990694918639431,0.985868738055327,0.00482618058410378,NA,NA,2016
2016-11-20,"2016112010",25,4,NA,"03:42",4,222,0,"PHI",35,35,0,0,0,NA,"SEA","PHI","(Onside Kick formation) C.Sturgis kicks onside 13 yards from PHI 35 to PHI 48. L.Willson (didn't try to advance) to PHI 48 for no gain (J.Mills).",1,0,0,0,NA,NA,NA,0,1,NA,"Kickoff",NA,"None",0,NA,NA,0,0,0,NA,0,NA,NA,"None",0,NA,NA,NA,"None",0,NA,NA,NA,"J.Mills",NA,NA,NA,0,NA,NA,0,0,NA,0,NA,NA,NA,0,26,15,11,11,"SEA","PHI",0,"None",2,2,3,2,3,0.440019108509648,0.0857947172286582,0.00228928310414537,0.126311903293349,0.13595643408422,0.00191291310927358,0.207715640670706,0,0,0.719558572218441,1.69826578578003,NA,NA,0.951833753767575,0.0481662462324247,0.966835983947516,0.0331640160524842,0.951833753767575,0.0150022301799405,NA,NA,2016
2016-11-24,"2016112401",15,4,NA,"09:22",10,562,0,"WAS",35,35,0,0,0,NA,"DAL","WAS","D.Hopkins kicks onside 18 yards from WAS 35 to DAL 47. D.Wilson (didn't try to advance) to DAL 47 for no gain (D.Everett).",1,0,0,0,NA,NA,NA,0,1,NA,"Kickoff",NA,"None",0,NA,NA,0,0,0,NA,0,NA,NA,"None",0,NA,NA,NA,"None",0,NA,NA,NA,"D.Everett",NA,NA,NA,0,NA,NA,0,0,NA,0,NA,NA,NA,0,24,19,5,5,"DAL","WAS",0,"None",3,3,2,3,2,0.166837488262405,0.12941548764075,0.00347042024348684,0.193001805868074,0.200688917692067,0.00289056084562691,0.303695319447591,0,0,0.98751516641485,1.69605702322071,NA,NA,0.723074492260815,0.276925507739185,0.786687586230502,0.213312413769498,0.723074492260815,0.0636130939696873,NA,NA,2016
2016-11-24,"2016112401",17,4,NA,"01:53",2,113,0,"WAS",35,35,0,3,0,NA,"DAL","WAS","D.Hopkins kicks onside 12 yards from WAS 35 to WAS 47, out of bounds.",1,0,0,0,NA,NA,NA,0,1,NA,"Kickoff",NA,"None",0,NA,NA,0,0,0,NA,0,NA,NA,"None",0,NA,NA,NA,"None",0,NA,NA,NA,NA,NA,NA,NA,0,NA,NA,0,0,NA,0,NA,NA,NA,0,31,26,5,5,"DAL","WAS",0,"None",3,3,2,3,2,0.636444380690133,0.0516213325594828,0.0026634964749522,0.0375094257874372,0.143436621447907,0.000555057551818358,0.12776968548827,0,0,0.903050806724834,1.25887360869891,NA,NA,0.908499566688984,0.0915004333110159,0.939909225265728,0.0600907747342718,0.908499566688984,0.031409658576744,NA,NA,2016
2016-11-27,"2016112703",13,3,NA,"15:00",15,1800,0,"CHI",35,35,0,52,0,NA,"TEN","CHI","C.Barth kicks onside 8 yards from CHI 35 to CHI 43, impetus ends at CHI 45. RECOVERED by CHI-A.Amos.",1,0,0,0,NA,NA,NA,0,1,NA,"Kickoff",NA,"None",0,NA,NA,0,0,0,NA,0,NA,NA,"None",0,NA,NA,NA,"None",0,NA,NA,NA,NA,NA,NA,NA,0,NA,NA,0,0,NA,0,NA,NA,NA,0,21,7,14,14,"CHI","TEN",0,"None",3,3,3,3,3,0.00137367959113161,0.162631509518862,0.00444072635822802,0.25417863378643,0.23308117414857,0.00365571302658065,0.340638563570199,0,0,0.814998475712213,1.60086985840533,NA,NA,0.0995189928333113,0.900481007166689,0.853870150084247,0.146129849915753,0.900481007166689,-0.754351157250936,NA,NA,2016
2016-11-27,"2016112700",18,4,NA,"04:44",5,284,0,"ARI",35,35,0,14,0,NA,"ATL","ARI","C.Catanzaro kicks onside 11 yards from ARI 35 to ARI 46. A.Hooper (didn't try to advance) to ARI 46 for no gain (K.Williams).",1,0,0,0,NA,NA,NA,0,1,NA,"Kickoff",NA,"None",0,NA,NA,0,0,0,NA,0,NA,NA,"None",0,NA,NA,NA,"None",0,NA,NA,NA,"K.Williams",NA,NA,NA,0,NA,NA,0,0,NA,0,NA,NA,NA,0,31,19,12,12,"ATL","ARI",0,"None",3,3,2,3,2,0.379808835835115,0.0952602659254953,0.00254415786016582,0.140577277261693,0.150361451880542,0.00212463967278945,0.229323371564199,0,0,0.785687181607931,1.9100330703285,NA,NA,0.94653679929703,0.0534632007029703,0.963569740475986,0.0364302595240145,0.94653679929703,0.0170329411789558,NA,NA,2016
2016-11-27,"2016112705",23,4,NA,"00:14",1,14,4,"HOU",35,35,0,0,0,NA,"SD","HOU","N.Novak kicks onside 24 yards from HOU 35 to SD 41. RECOVERED by HOU-J.Grimes.",1,0,0,0,NA,NA,NA,0,1,NA,"Kickoff",NA,"None",0,NA,NA,0,0,0,NA,0,NA,NA,"None",0,NA,NA,NA,"None",0,NA,NA,NA,NA,NA,NA,NA,0,NA,NA,0,0,NA,0,NA,NA,NA,0,21,13,8,8,"HOU","SD",0,"None",1,0,1,0,1,0.722470383104914,0.0391984799091113,0.00201959419704365,0.0283760767262047,0.109606857428137,0.000421265987864691,0.0979073426467248,0,0,0.69474733758236,1.366894597794,NA,NA,0.0309477231350666,0.969052276864933,0.913636843331365,0.0863631566686349,0.969052276864933,-0.882689120196299,NA,NA,2016
2016-12-01,"2016120100",24,4,NA,"00:25",1,25,0,"MIN",35,35,0,-1,0,NA,"DAL","MIN","(Onside Kick formation) K.Forbath kicks onside 14 yards from MIN 35 to MIN 49. J.Witten (didn't try to advance) to MIN 49 for no gain.",1,0,0,0,NA,NA,NA,0,1,NA,"Kickoff",NA,"None",0,NA,NA,0,0,0,NA,0,NA,NA,"None",0,NA,NA,NA,"None",0,NA,NA,NA,NA,NA,NA,NA,0,NA,NA,0,0,NA,0,NA,NA,NA,0,17,15,2,2,"MIN","DAL",0,"None",2,0,2,0,2,0.713544694963345,0.0404829856206709,0.00208610999282554,0.0293181495706318,0.113119336659929,0.000435095238939397,0.101013627953659,0,0,0.716475372291192,-0.716475372291192,NA,NA,0.0491002776427596,0.95089972235724,0.0775617402197464,0.922438259780254,0.95089972235724,-0.0284614625769868,NA,NA,2016
2016-12-04,"2016120404",20,4,NA,"01:51",2,111,0,"HOU",35,35,0,0,0,NA,"GB","HOU","N.Novak kicks onside 13 yards from HOU 35 to HOU 48. D.Adams (didn't try to advance) to HOU 48 for no gain (K.Mumphery).",1,0,0,0,NA,NA,NA,0,1,NA,"Kickoff",NA,"None",0,NA,NA,0,0,0,NA,0,NA,NA,"None",0,NA,NA,NA,"None",0,NA,NA,NA,"K.Mumphery",NA,NA,NA,0,NA,NA,0,0,NA,0,NA,NA,NA,0,21,13,8,8,"GB","HOU",0,"None",2,2,1,2,1,0.638297114472881,0.0513527810146733,0.00264956266489651,0.0373114633071028,0.142708588307826,0.000552164262951808,0.127128325969668,0,0,0.898590663713525,1.21145925072759,NA,NA,0.965128943823013,0.0348710561769868,0.975892652639795,0.0241073473602051,0.965128943823013,0.0107637088167817,NA,NA,2016
2016-12-04,"2016120403",18,4,NA,"06:53",7,413,0,"PHI",35,35,0,0,0,NA,"CIN","PHI","C.Sturgis kicks onside 13 yards from PHI 35 to PHI 48. B.LaFell (didn't try to advance) to PHI 48 for no gain (C.Maragos).",1,0,0,0,NA,NA,NA,0,1,NA,"Kickoff",NA,"None",0,NA,NA,0,0,0,NA,0,NA,NA,"None",0,NA,NA,NA,"None",0,NA,NA,NA,"C.Maragos",NA,NA,NA,0,NA,NA,0,0,NA,0,NA,NA,NA,0,29,14,15,15,"CIN","PHI",0,"None",3,3,2,3,2,0.267166390553738,0.113152238451567,0.00302770635909337,0.167798442748817,0.177141619572081,0.00252537247401398,0.26918822984069,0,0,0.900691985234496,1.92326641047018,NA,NA,0.956953913727723,0.0430460862722775,0.971389237907427,0.0286107620925732,0.956953913727723,0.0144353241797043,NA,NA,2016
2016-12-04,"2016120410",24,4,NA,"00:26",1,26,0,"NYG",35,35,0,0,0,NA,"PIT","NYG","R.Gould kicks onside 10 yards from NYG 35 to NYG 45. C.Hamilton (didn't try to advance) to NYG 45 for no gain (D.Skinner, B.Rainey).",1,0,0,0,NA,NA,NA,0,1,NA,"Kickoff",NA,"None",0,NA,NA,0,0,0,NA,0,NA,NA,"None",0,NA,NA,NA,"None",0,NA,NA,NA,"D.Skinner","B.Rainey",NA,NA,0,NA,NA,0,0,NA,0,NA,NA,NA,0,24,14,10,10,"PIT","NYG",0,"None",2,2,1,2,1,0.71272479538298,0.0406010303238286,0.00209222346049162,0.0294047520646067,0.11344195884478,0.000436366186471516,0.101298873736841,0,0,0.718469922720457,-0.718469922720457,NA,NA,0.990564250178734,0.00943574982126594,0.987627314244051,0.0123726857559486,0.990564250178734,-0.00293693593468269,NA,NA,2016
2016-12-11,"2016121100",22,4,NA,"01:25",2,85,0,"BUF",35,35,0,0,0,NA,"PIT","BUF","D.Carpenter kicks onside 4 yards from BUF 35 to BUF 39, out of bounds.",1,0,0,0,NA,NA,NA,0,1,NA,"Kickoff",NA,"None",0,NA,NA,0,0,0,NA,0,NA,NA,"None",0,NA,NA,NA,"None",0,NA,NA,NA,NA,NA,NA,NA,0,NA,NA,0,0,NA,0,NA,NA,NA,0,27,20,7,7,"BUF","PIT",0,"None",1,1,1,1,1,0.661992990036024,0.0479219840524518,0.00247161078531193,0.0347844809791757,0.133395111731914,0.000515205998144113,0.118918616416978,0,0,0.841445521528667,-0.841445521528667,NA,NA,0.0367375268859946,0.963262473114005,0.048924302506393,0.951075697493607,0.963262473114005,-0.0121867756203984,NA,NA,2016
2016-12-11,"2016121111",23,4,NA,"08:21",9,501,0,"SEA",35,35,0,0,0,NA,"GB","SEA","S.Hauschka kicks onside 9 yards from SEA 35 to SEA 44. R.Rodgers (didn't try to advance) to SEA 44 for no gain (K.Chancellor).",1,0,0,0,NA,NA,NA,0,1,NA,"Kickoff",NA,"None",0,NA,NA,0,0,0,NA,0,NA,NA,"None",0,NA,NA,NA,"None",0,NA,NA,NA,"K.Chancellor",NA,NA,NA,0,NA,NA,0,0,NA,0,NA,NA,NA,0,31,10,21,21,"GB","SEA",0,"None",2,2,2,2,2,0.203768286855165,0.123377317439179,0.00330555336062701,0.183572356129325,0.192069897586508,0.00275482885684195,0.291151759772354,0,0,0.958032116935626,2.23243861696693,NA,NA,0.989936419596138,0.0100635804038616,0.995997731589915,0.00400226841008544,0.989936419596138,0.00606131199377613,NA,NA,2016
2016-12-12,"2016121200",28,4,NA,"02:03",3,123,4,"BAL",35,35,0,8,0,NA,"NE","BAL","J.Tucker kicks onside 12 yards from BAL 35 to BAL 47. P.Chung (didn't try to advance) to BAL 47 for no gain (Z.Orr).",1,0,0,0,NA,NA,NA,0,1,NA,"Kickoff",NA,"None",0,NA,NA,0,0,0,NA,0,NA,NA,"None",0,NA,NA,NA,"None",0,NA,NA,NA,"Z.Orr",NA,NA,NA,0,NA,NA,0,0,NA,0,NA,NA,NA,0,30,23,7,7,"NE","BAL",0,"None",3,3,2,3,2,0.539152101620697,0.0703203032979583,0.00187366379281472,0.103142199103218,0.112139242424701,0.00156708948928009,0.17180540027133,0,0,0.60548607694994,1.58505946049258,NA,NA,0.927160044380468,0.0728399556195317,0.955370873945734,0.0446291260542656,0.927160044380468,0.0282108295652661,NA,NA,2016
2016-12-18,"2016121800",24,4,NA,"00:04",1,4,0,"PHI",35,35,0,-1,0,NA,"BAL","PHI","C.Sturgis kicks onside 12 yards from PHI 35 to PHI 47. A.Levine (didn't try to advance) to PHI 47 for no gain (B.Celek).",1,0,0,0,NA,NA,NA,0,1,NA,"Kickoff",NA,"None",0,NA,NA,0,0,0,NA,0,NA,NA,"None",0,NA,NA,NA,"None",0,NA,NA,NA,"B.Celek",NA,NA,NA,0,NA,NA,0,0,NA,0,NA,NA,NA,0,27,26,1,1,"BAL","PHI",0,"None",1,1,1,1,1,0.730434262904707,0.0380532691499251,0.00196030399191318,0.0275366208193979,0.106472390550787,0.000408937329385246,0.0951342152538851,0,0,0.675337791918939,-0.675337791918939,NA,NA,0.970866802588378,0.0291331974116218,0.968562952829853,0.0314370471701469,0.970866802588378,-0.00230384975852516,NA,NA,2016
2016-12-18,"2016121805",22,4,NA,"03:12",4,192,0,"TEN",35,35,0,0,0,NA,"KC","TEN","R.Succop kicks onside 65 yards from TEN 35 to end zone, Touchback.",1,0,0,0,NA,NA,NA,0,1,NA,"Kickoff",NA,"None",0,NA,NA,0,0,0,NA,0,NA,NA,"None",0,NA,NA,NA,"None",0,"Touchback",NA,NA,NA,NA,NA,NA,0,NA,NA,0,0,NA,0,NA,NA,NA,0,17,16,1,1,"KC","TEN",0,"None",2,2,0,2,0,0.469918549933417,0.0811141414762207,0.00216344182073183,0.11928530634344,0.128785031719527,0.00180827346912822,0.196925255237535,0,0,0.68578197628538,0,NA,NA,0.605697406569233,0.394302593430767,0.605697406569233,0.394302593430767,0.605697406569233,0,NA,NA,2016
2016-12-24,"2016122404",26,4,NA,"00:32",1,32,0,"MIN",35,35,0,0,0,NA,"GB","MIN","K.Forbath kicks onside 12 yards from MIN 35 to MIN 47. RECOVERED by MIN-J.Kearse.",1,0,0,0,NA,NA,NA,0,1,NA,"Kickoff",NA,"None",0,NA,NA,0,0,0,NA,0,NA,NA,"None",0,NA,NA,NA,"None",0,NA,NA,NA,NA,NA,NA,NA,0,NA,NA,0,0,NA,0,NA,NA,NA,0,38,25,13,13,"GB","MIN",0,"None",1,1,1,1,1,0.707776113081403,0.0413137001258717,0.00212913484699296,0.0299276924054387,0.11538911331804,0.000444039454785147,0.103020206767468,0,0,0.730503649326297,0.860909785773431,NA,NA,0.992272456472974,0.00772754352702598,0.0203244437016493,0.979675556298351,0.992272456472974,-0.971948012771325,NA,NA,2016
2016-12-24,"2016122402",21,4,NA,"01:21",2,81,0,"MID",50,50,0,0,0,NA,"WAS","CHI","(Onside Kick formation) C.Barth kicks onside 17 yards from 50 to WAS 33. R.Grant (didn't try to advance) to WAS 33 for no gain (C.Jones).",1,0,0,0,NA,NA,NA,0,1,NA,"Kickoff",NA,"None",0,NA,NA,0,0,0,NA,0,NA,NA,"None",0,NA,NA,NA,"None",0,NA,NA,NA,"C.Jones",NA,NA,NA,0,NA,NA,0,0,NA,0,NA,NA,NA,0,34,21,13,13,"CHI","WAS",0,"None",3,3,3,3,3,0.665570874530051,0.0474045875287102,0.00244478284044647,0.0344037139758823,0.131988504970759,0.000509632994790826,0.11767790315936,0,0,0.832800776919181,0.309908731029725,NA,NA,0.00677215891707639,0.993227841082924,0.00625275032017325,0.993747249679827,0.993227841082924,0.000519408596903137,NA,NA,2016
2016-12-24,"2016122407",19,4,NA,"02:00",2,120,5,"TB",35,35,0,0,0,NA,"NO","TB","R.Aguayo kicks onside 10 yards from TB 35 to TB 45. B.Cooks (didn't try to advance) to TB 45 for no gain (A.Glanton).",1,0,0,0,NA,NA,NA,0,1,NA,"Kickoff",NA,"None",0,NA,NA,0,0,0,NA,0,NA,NA,"None",0,NA,NA,NA,"None",0,NA,NA,NA,"A.Glanton",NA,NA,NA,0,NA,NA,0,0,NA,0,NA,NA,NA,0,31,24,7,7,"NO","TB",0,"None",3,3,3,3,3,0.54214731685462,0.0698546374827628,0.00186117470431435,0.102447545786069,0.111417929934178,0.00155668804277331,0.170714707195282,0,0,0.601951033895656,1.68617147558163,NA,NA,0.930032968954383,0.0699670310456166,0.961841993848843,0.0381580061511569,0.930032968954383,0.0318090248944597,NA,NA,2016
2017-01-01,"2017010110",15,3,NA,"10:31",11,1531,0,"MID",50,50,0,0,0,NA,"TEN","HOU","N.Novak kicks onside 10 yards from 50 to TEN 40. K.Byard (didn't try to advance) to TEN 40 for no gain. PENALTY on HOU-R.Nelson, Offside on Free Kick, 5 yards, enforced at TEN 40.",1,0,0,0,NA,NA,NA,0,1,NA,"Kickoff",NA,"None",0,NA,NA,0,0,0,NA,0,NA,NA,"None",0,NA,NA,NA,"None",0,NA,NA,NA,NA,NA,NA,NA,0,NA,NA,0,0,NA,1,"HOU","Offside on Free Kick","R.Nelson",5,7,7,0,0,"TEN","HOU",0,"None",3,3,3,3,3,0.00404473163183882,0.160597056504791,0.00436797801933832,0.248455236709856,0.234141712214006,0.0036049792346532,0.344788305685517,0,0,0.893439452387897,1.73649617462754,NA,NA,0.513746707083374,0.486253292916626,0.5710885270197,0.4289114729803,0.513746707083374,0.0573418199363261,NA,NA,2016
2017-01-01,"2017010109",25,4,NA,"00:17",1,17,0,"CAR",35,35,0,-1,0,NA,"TB","CAR","(Onside Kick formation) G.Gano kicks onside 5 yards from CAR 35 to CAR 40. C.Lynch (didn't try to advance) to CAR 40 for no gain (C.Jones).",1,0,0,0,NA,NA,NA,0,1,NA,"Kickoff",NA,"None",0,NA,NA,0,0,0,NA,0,NA,NA,"None",0,NA,NA,NA,"None",0,NA,NA,NA,"C.Jones",NA,NA,NA,0,NA,NA,0,0,NA,0,NA,NA,NA,0,16,16,0,0,"TB","CAR",0,"None",1,1,0,1,0,0.72005315317659,0.0395462435087308,0.00203760105021036,0.0286310777323056,0.110558153619325,0.000425009975139399,0.0987487609376989,0,0,0.700634330619395,-0.700634330619395,NA,NA,0.795451246255165,0.204548753744835,0.560672283872644,0.439327716127356,0.795451246255165,-0.234778962382521,NA,NA,2016
2017-01-01,"2017010114",13,4,NA,"10:19",11,619,3,"SD",35,35,0,0,0,NA,"KC","SD","J.Lambo kicks onside 15 yards from SD 35 to 50. D.Sorensen (didn't try to advance) to 50 for no gain.",1,0,0,0,NA,NA,NA,0,1,NA,"Kickoff",NA,"None",0,NA,NA,0,0,0,NA,0,NA,NA,"None",0,NA,NA,NA,"None",0,NA,NA,NA,NA,NA,NA,NA,0,NA,NA,0,0,NA,0,NA,NA,NA,0,33,19,14,14,"SD","KC",0,"None",3,2,3,2,3,0.137355019776508,0.134299900413646,0.00360440095912541,0.200718863740851,0.207508837420033,0.00300053820175105,0.313512439488087,0,0,1.00797411573507,1.92442547933217,NA,NA,0.0699601594757913,0.930039840524209,0.0497504793990986,0.950249520600901,0.930039840524209,0.0202096800766927,NA,NA,2016
2017-01-01,"2017010114",15,4,NA,"02:08",3,128,0,"SD",35,35,0,0,0,NA,"KC","SD","J.Lambo kicks onside 11 yards from SD 35 to SD 46. C.Conley (didn't try to advance) to SD 46 for no gain (D.Inman).",1,0,0,0,NA,NA,NA,0,1,NA,"Kickoff",NA,"None",0,NA,NA,0,0,0,NA,0,NA,NA,"None",0,NA,NA,NA,"None",0,NA,NA,NA,"D.Inman",NA,NA,NA,0,NA,NA,0,0,NA,0,NA,NA,NA,0,36,26,10,10,"SD","KC",0,"None",3,1,3,1,3,0.534153879494692,0.0710976081183518,0.0018945132109929,0.104302055733444,0.113342713846938,0.00158445258169459,0.173624777013886,0,0,0.611374244890258,1.65738021119404,NA,NA,0.0328862769457713,0.967113723054229,0.0211974760121015,0.978802523987898,0.967113723054229,0.0116888009336698,NA,NA,2016
2017-01-01,"2017010100",22,4,NA,"02:47",3,167,0,"NO",35,35,0,22,0,NA,"ATL","NO","W.Lutz kicks onside 8 yards from NO 35 to NO 43, impetus ends at NO 43. RECOVERED by NO-B.Cooks.",1,0,0,0,NA,NA,NA,0,1,NA,"Kickoff",NA,"None",0,NA,NA,0,0,0,NA,0,NA,NA,"None",0,NA,NA,NA,"None",0,NA,NA,NA,NA,NA,NA,NA,0,NA,NA,0,0,NA,0,NA,NA,NA,0,38,25,13,13,"ATL","NO",0,"None",1,1,1,1,1,0.495009620980946,0.0771954625615947,0.0020581727602029,0.113415135707067,0.122758597116439,0.00172069279525933,0.18784231807849,0,0,0.657004720334607,1.05497199463388,NA,NA,0.979056468236241,0.020943531763759,0.0355163707187769,0.964483629281223,0.979056468236241,-0.943540097517464,NA,NA,2016
2017-01-01,"2017010100",23,4,NA,"00:39",1,39,0,"NO",35,35,0,0,0,NA,"ATL","NO","W.Lutz kicks onside 11 yards from NO 35 to NO 46. M.Sanu (didn't try to advance) to NO 46 for no gain (N.Stupar).",1,0,0,0,NA,NA,NA,0,1,NA,"Kickoff",NA,"None",0,NA,NA,0,0,0,NA,0,NA,NA,"None",0,NA,NA,NA,"None",0,NA,NA,NA,"N.Stupar",NA,NA,NA,0,NA,NA,0,0,NA,0,NA,NA,NA,0,38,32,6,6,"ATL","NO",0,"None",0,0,0,0,0,0.701939870389105,0.0421545969659869,0.00217269328674224,0.0305449344117386,0.117685271186079,0.000453093759198585,0.10504954000115,0,0,0.744685062731068,-0.744685062731068,NA,NA,0.982209608732893,0.0177903912671068,0.978436238060569,0.0215637619394311,0.982209608732893,-0.00377337067232431,NA,NA,2016
2017-01-01,"2017010102",21,4,NA,"00:13",1,13,0,"DET",35,35,0,0,0,NA,"GB","DET","S.Martin kicks onside 11 yards from DET 35 to DET 46. R.Rodgers (didn't try to advance) to DET 46 for no gain (J.Bell).",1,0,0,0,NA,NA,NA,0,1,NA,"Kickoff",NA,"None",0,NA,NA,0,0,0,NA,0,NA,NA,"None",0,NA,NA,NA,"None",0,NA,NA,NA,"J.Bell",NA,NA,NA,0,NA,NA,0,0,NA,0,NA,NA,NA,0,31,24,7,7,"DET","GB",0,"None",0,0,0,0,0,0.723273263177099,0.0390829875500679,0.00201361435700734,0.0282913996125604,0.109290876236901,0.000420022626544554,0.0976278364398203,0,0,0.692791540390391,-0.692791540390391,NA,NA,0.0340688602230014,0.965931139776999,0.0357080975868174,0.964291902413183,0.965931139776999,-0.00163923736381599,NA,NA,2016
